ca6493,caroljean,aldis,f,jun 25 1970,hexadecagon,america_punta_arenas,xof,2a66bc,uniform,net,create
gp5234,gerri,purle,m,sep 15 1974,nonagon,america_jujuy,syp,ff5469,romeo,io,create
rz8641,raphaela,zukierman,f,dec 27 1968,nonagon,australia_perth,djf,6aac78,alfa,life,insert
ce4577,caz,ebbitt,m,jun 28 1988,heptahectogon,antarctica_mawson,syp,1ed7b2,romeo,io,insert
am8584,ash,michiel,m,jul 04 1975,heptahectogon,pacific_kanton,uzs,ee30ee,xray,live,update
ks2432,kev,sothcott,m,apr 18 1975,octahectogon,asia_manila,huf,d671e3,echo,org,drop
rf7636,roxane,frail,f,may 20 1983,icosikaihexagon,america_monterrey,etb,d7b4e1,tango,info,alter
tw1591,taffy,woolfoot,f,nov 25 1964,hexagon,europe_madrid,uah,3f71a0,quebec,xyz,select
nb9212,netta,breed,f,nov 11 1978,digon,australia_hobart,php,88833e,juliett,biz,insert
lf7728,letty,ferrettini,f,feb 09 1967,nonagon,asia_tel_aviv,cny,ee30ee,alfa,org,delete
dp2954,dalis,peacock,m,sep 20 1962,hexadecagon,pacific_truk,sar,120d3f,juliett,io,alter
ao7795,artair,overpool,m,jul 20 1970,icosikaienneagon,canada_eastern,azn,ee30ee,november,social,create
tc9999,tanny,charon,m,may 09 1985,icosikaiheptagon,asia_gaza,mvr,ee30ee,lima,tv,select
ty6556,tammy,yanyushkin,f,jul 21 1989,octadecagon,america_kralendijk,kgs,380196,golf,media,select
wm2983,wally,mctaggart,f,may 04 1977,tetrahectogon,europe_tallinn,syp,5d6b83,november,biz,update
cs8566,chrissie,shieber,m,mar 11 1979,icosikaidigon,europe_belgrade,huf,a260ea,november,life,create
bw9468,bebe,wardhaw,f,oct 22 1960,dihectogon,asia_kuching,pab,2a66bc,xray,me,drop
am4372,agnella,macenzy,f,mar 13 1970,pentadecagon,pacific_bougainville,sos,9265a1,romeo,info,insert
bs6875,barrie,swancott,m,jan 28 1987,triacontagon,asia_dili,sos,88833e,charlie,live,drop
bd3861,brenden,doohan,m,nov 26 1961,octagon,australia_canberra,btn,9265a1,lima,world,select
nb1817,noelle,baudet,f,oct 14 1988,enneahectogon,europe_belgrade,brl,5d6b83,victor,com,insert
hs5377,harv,simmon,m,aug 02 1968,icosagon,europe_podgorica,syp,5d6b83,juliett,net,alter
dm1847,denney,maccorley,m,jun 20 1960,icosikaienneagon,pacific_kosrae,wst,50217f,uniform,net,delete
hc8834,heidie,caney,f,may 24 1967,enneahectogon,africa_douala,usd,61f505,zulu,club,delete
mg3683,melodee,gulley,f,jul 12 1983,dodecagon,america_sitka,tjs,3f71a0,bravo,io,select
as5943,arlee,slavin,f,mar 27 1967,icosagon,pacific_gambier,bhd,d2543f,oscar,today,drop
km1699,kingsly,mcphillimey,m,may 29 1973,hectogon,asia_almaty,xpf,380196,lima,io,select
mf9958,malvina,friedlos,f,nov 27 1988,icosikaioctagon,us_aleutian,jmd,3f71a0,victor,app,update
fn8343,fairfax,nourse,m,jul 05 1969,icosikaihenagon,america_rankin_inlet,krw,2a66bc,whiskey,app,insert
td1675,tiena,doble,f,jan 25 1970,octagon,asia_kathmandu,eur,d2543f,bravo,media,drop
ew9928,erika,wharram,f,feb 22 1967,icosikaipentagon,pacific_nauru,gyd,6aac78,mike,com,delete
kc5548,kally,clendening,f,mar 18 1982,hexagon,pacific_enderbury,gyd,9265a1,zulu,xyz,delete
sh9141,sandy,harkus,f,oct 06 1970,heptadecagon,africa_johannesburg,brl,120d3f,bravo,info,insert
gy3226,gustavus,yurshev,m,dec 25 1960,digon,asia_samarkand,vnd,380196,lima,online,select
kg7243,karalee,gever,f,mar 18 1977,heptahectogon,europe_bratislava,xcd,d2543f,romeo,live,select
bg1432,bea,gummary,f,oct 20 1989,chiliagon,africa_nairobi,all,9d6f4e,zulu,tv,update
bs9869,barry,shera,f,may 16 1969,octadecagon,indian_antananarivo,uzs,6aac78,juliett,name,delete
wh2424,wilmar,heart,m,apr 03 1987,pentagon,canada_atlantic,awg,cccf02,yankee,online,create
zk5312,zared,kenway,m,oct 10 1975,triacontagon,europe_zurich,bdt,47b94c,kilo,mil,select
sc2418,shermie,cremen,m,mar 01 1979,pentacontagon,australia_lhi,awg,d671e3,xray,app,select
fm2583,frazer,macclay,m,nov 20 1978,dodecagon,asia_choibalsan,iqd,5d6b83,mike,online,drop
gs7578,gordan,sherborne,m,aug 30 1963,chiliagon,america_managua,tmt,6aac78,foxtrot,biz,insert
oc8844,olia,chandler,f,may 22 1987,hectogon,asia_ust_nera,khr,380196,zulu,life,update
cc7152,corrine,corran,f,dec 06 1986,icosikaihexagon,africa_bangui,ttd,a6fd9d,hotel,biz,insert
to4271,tyne,ocrowley,f,apr 19 1982,triangle,africa_lome,mro,a6fd9d,whiskey,edu,create
jr6424,joya,robertshaw,f,apr 08 1987,hexagon,america_tijuana,pgk,5dd2c3,papa,world,insert
gl3387,gustav,liven,m,apr 29 1966,pentagon,pacific_guadalcanal,uyu,5cff7a,kilo,com,drop
ke3415,kristal,eakins,f,feb 03 1965,pentahectogon,us_alaska,htg,47b94c,echo,today,insert
jp5256,jerrome,partener,m,jan 06 1978,enneahectogon,america_st_barthelemy,pln,d7b4e1,alfa,org,update
ad6539,adolpho,dowdney,m,jun 08 1970,pentadecagon,asia_saigon,bmd,1ed7b2,tango,name,insert
cl6158,carol,longlands,f,dec 27 1975,tetracontagon,africa_malabo,pyg,d2543f,victor,pro,update
rb4945,roxana,bricket,f,may 16 1982,heptagon,arctic_longyearbyen,xpf,6aac78,whiskey,biz,drop
mg3776,maximo,grinyakin,m,jan 12 1990,nonagon,europe_riga,pab,88833e,papa,social,create
kr3636,kearney,roskell,m,jul 23 1978,icosikaidigon,america_ensenada,mwk,3f71a0,quebec,biz,delete
fe1458,frazier,emes,m,aug 07 1964,heptagon,asia_beirut,lyd,9d6f4e,alfa,live,drop
ac9911,archibold,colebrook,m,dec 21 1990,pentahectogon,america_dominica,nad,5d6b83,uniform,me,select
fm7299,franz,mcnae,m,mar 08 1972,hectogon,europe_stockholm,eur,120d3f,foxtrot,social,update
tn8626,tommy,nutt,m,may 17 1973,enneacontagon,australia_nsw,gtq,9d6f4e,whiskey,mil,select
vs5953,vera,shickle,f,jan 10 1968,hexagon,us_central,mur,0b1f92,tango,mil,delete
ll5422,lonny,longega,m,apr 01 1965,digon,europe_athens,gel,3f71a0,victor,online,drop
rs1299,rainer,stanlake,m,aug 07 1990,chiliagon,antarctica_dumontdurville,ugx,260e31,whiskey,pro,delete
jp8181,julio,phillps,m,nov 15 1962,tetracontagon,chile_continental,nio,5dd2c3,echo,name,alter
ap8996,alfreda,perazzo,f,jul 20 1975,icositrigon,us_pacific,mur,a6fd9d,foxtrot,tv,update
dd4474,donna,de la croix,f,jul 12 1972,pentadecagon,asia_tomsk,npr,d45b3a,golf,life,drop
sj6691,sophie,jerisch,f,oct 27 1964,icosagon,asia_baghdad,krw,5dd2c3,zulu,mil,insert
mv7321,mohandis,vaughan,m,feb 01 1974,hectogon,us_arizona,jmd,d665b5,papa,club,select
hk5436,harriott,kelling,f,jul 04 1980,icosikaihexagon,asia_kashgar,tmt,2a66bc,whiskey,media,insert
mb7878,marris,bertolin,f,mar 10 1979,digon,america_blanc_sablon,jpy,7f9630,sierra,media,select
ug2672,urban,gration,m,dec 22 1967,pentacontagon,africa_el_aaiun,htg,47b94c,mike,life,update
aa8342,anna,agerskow,f,aug 02 1978,hexacontagon,america_louisville,pln,6aac78,echo,today,update
sc6962,sollie,corker,m,jan 22 1961,icosikaipentagon,africa_brazzaville,nok,3f71a0,golf,xyz,insert
wd1463,wilmar,dysart,m,feb 27 1964,enneacontagon,europe_zaporozhye,azn,ff5469,foxtrot,today,insert
mm7669,merrielle,maldin,f,mar 24 1964,icosikaihexagon,antarctica_rothera,aoa,cccf02,tango,site,alter
jc8186,jeana,cockling,f,jan 19 1989,chiliagon,america_havana,bif,5d6b83,uniform,org,delete
ht7289,helyn,towersey,f,jul 28 1964,hexadecagon,africa_nairobi,xpf,d45b3a,foxtrot,site,select
lc7985,lancelot,colbourn,m,jan 09 1971,tetrahectogon,europe_vienna,cny,a260ea,alfa,tv,delete
mg4981,miquela,goldson,f,jul 10 1980,heptadecagon,america_recife,mkd,d665b5,uniform,shop,insert
ac3239,alair,champness,m,oct 26 1963,pentahectogon,america_creston,ghs,3f71a0,uniform,pro,select
ej7558,emyle,janusik,f,sep 18 1979,dihectogon,us_east_indiana,xpf,d2543f,quebec,site,select
rg6461,roosevelt,grimes,m,jan 24 1964,icosikaiheptagon,asia_colombo,lsl,ee30ee,foxtrot,name,drop
pc9146,paulie,clair,f,nov 21 1972,nonagon,asia_harbin,ghs,9d6f4e,kilo,today,update
rs7179,rena,sawford,f,apr 03 1969,octahectogon,asia_amman,nok,81074f,sierra,online,select
mc7639,mal,coolbear,m,feb 12 1962,tridecagon,asia_vientiane,bwp,120d3f,charlie,net,select
cf3479,curt,fallon,m,apr 30 1960,trihectogon,us_arizona,uah,50217f,papa,io,update
pt5533,peterus,temperton,m,feb 08 1975,hendecagon,asia_kolkata,uyu,50217f,lima,shop,drop
kk6286,kerianne,klainman,f,sep 26 1966,pentagon,asia_yerevan,byr,d2543f,zulu,biz,alter
gs5343,genevieve,smythin,f,feb 17 1974,icosikaioctagon,america_manaus,sos,50217f,charlie,pro,delete
tm6298,tandi,mixture,f,aug 19 1984,digon,europe_sofia,djf,0b1f92,mike,live,create
gh8384,gustavus,harragin,m,nov 18 1965,pentahectogon,asia_hovd,bwp,d7b4e1,juliett,xyz,create
dp8337,domini,perott,f,sep 30 1971,digon,mexico_bajasur,ern,120d3f,yankee,mil,create
gr7258,genevieve,roakes,f,may 09 1982,tetracontagon,africa_luanda,irr,7f9630,kilo,info,create
sf5978,sadye,falkner,f,aug 31 1964,octagon,australia_act,top,88833e,yankee,pro,drop
cd8228,catarina,duiguid,f,jan 21 1961,trihectogon,africa_khartoum,mmk,380196,zulu,media,insert
sm2231,sukey,maunder,f,aug 20 1973,heptagon,america_kralendijk,bdt,9d6f4e,zulu,me,alter
bm4755,baudoin,miskimmon,m,oct 10 1981,icosikaioctagon,america_caracas,jod,d45b3a,papa,online,create
fg1679,flss,greger,f,apr 30 1976,tridecagon,america_iqaluit,cad,81074f,alfa,tv,select
va1593,val,aslum,m,jul 28 1977,enneadecagon,asia_chita,mnt,5dd2c3,romeo,xyz,drop
td1252,timmy,duigan,m,aug 23 1960,enneacontagon,america_creston,sek,120d3f,foxtrot,net,insert
bs1758,brad,spurge,m,apr 04 1983,icosikaihexagon,america_marigot,bnd,ff5469,india,online,drop
sl3812,sim,laughlin,m,feb 24 1989,tetrahectogon,africa_mogadishu,zar,7f9630,india,biz,create
cj3385,claudius,jeannesson,m,apr 30 1984,dihectogon,asia_rangoon,crc,61f505,november,com,insert
ds1489,deane,samways,m,jun 17 1978,triacontagon,europe_rome,zwl,88833e,november,app,update
lb8935,lenka,benech,f,aug 21 1970,icosikaioctagon,america_dawson,ttd,d665b5,foxtrot,tv,update
fg9996,fransisco,guppey,m,dec 03 1985,icosikaienneagon,asia_irkutsk,lak,5d6b83,victor,app,update
ah4552,annecorinne,huster,f,jul 27 1963,octahectogon,asia_tashkent,kzt,2a66bc,golf,gov,drop
cr7229,creigh,raffeorty,m,jul 25 1984,triacontagon,europe_mariehamn,jmd,a260ea,alfa,site,select
ep1963,elsey,perott,f,mar 03 1984,tetrahectogon,america_guadeloupe,sdg,d665b5,whiskey,com,create
mh1175,madelene,hansod,f,nov 29 1972,hexacontagon,africa_monrovia,vnd,50217f,juliett,live,insert
kr6546,kanya,reynoldson,f,mar 11 1972,pentacontagon,asia_yerevan,cve,47b94c,hotel,net,create
hg8686,hadrian,goodlud,m,aug 25 1974,enneadecagon,antarctica_south_pole,usd,ff5469,golf,blog,update
ai2834,abby,isgate,f,feb 11 1961,hendecagon,america_aruba,jod,d665b5,alfa,app,delete
ao4664,adolph,oxburgh,m,aug 07 1969,henagon,pacific_kosrae,mur,d665b5,mike,pro,create
el5425,ellette,lehrmann,f,oct 25 1960,enneacontagon,america_st_thomas,npr,3f71a0,juliett,online,drop
ic6821,iggie,catto,m,jun 25 1976,hendecagon,america_nuuk,szl,7f9630,hotel,io,insert
bo2455,bevan,orford,m,nov 16 1965,heptacontagon,america_toronto,hrk,d7b4e1,yankee,world,delete
kp3198,kiri,pennells,f,mar 22 1967,nonagon,asia_anadyr,jpy,0b1f92,charlie,mil,drop
sm5326,saba,mandre,f,jul 01 1960,icosikaidigon,mexico_general,cdf,9265a1,alfa,life,drop
ga6153,goldy,ary,f,jul 28 1986,tetradecagon,europe_helsinki,ssp,50217f,november,media,select
mc2227,maurine,corrington,f,nov 25 1968,octadecagon,america_adak,tnd,d45b3a,india,media,update
ab6717,anestassia,balasin,f,jun 29 1970,digon,america_kralendijk,jmd,d2543f,tango,pro,delete
cd8557,clive,dudbridge,m,mar 28 1978,icosikaihexagon,america_panama,kmf,9265a1,xray,mil,select
ds4334,doralynne,skase,f,may 10 1962,icosikaihenagon,america_detroit,cve,260e31,oscar,edu,alter
mo1935,moina,ohagirtie,f,oct 09 1989,icosikaioctagon,europe_busingen,nad,a6fd9d,india,shop,update
sn8191,sadella,nacey,f,jun 13 1983,heptagon,america_port_au_prince,yer,a6fd9d,foxtrot,info,delete
jc4215,jedidiah,chatwood,m,mar 31 1975,icositrigon,brazil_acre,thb,bf6b92,november,shop,insert
mp3719,merilee,pechet,f,dec 23 1970,digon,america_rio_branco,nad,50217f,delta,tv,drop
pc7129,patrica,coggill,f,nov 20 1972,icosikaienneagon,asia_damascus,gmd,ff5469,tango,biz,delete
sm3717,susann,mcfie,f,jul 13 1972,octahectogon,africa_porto_novo,htg,120d3f,yankee,today,alter
tt8426,timothee,tubbles,m,feb 02 1968,enneadecagon,asia_calcutta,aoa,380196,india,media,insert
jl1896,jordanna,leyfield,f,oct 14 1976,icosagon,america_inuvik,ars,50217f,charlie,me,select
rt3224,raychel,terese,f,aug 21 1960,icosikaihenagon,us_indiana_starke,try,7f9630,quebec,net,select
eh7511,eldin,hambright,m,may 27 1961,enneadecagon,europe_jersey,gel,2a66bc,mike,media,update
dr5934,denny,rame,m,may 12 1980,icosikaihexagon,america_lower_princes,php,5dd2c3,mike,social,drop
hb9443,haze,benit,m,jun 24 1977,heptahectogon,america_maceio,jpy,ff5469,romeo,live,update
rf9252,roanne,flatley,f,mar 06 1988,octagon,africa_kinshasa,bmd,9d6f4e,november,gov,alter
jc3494,jabez,casini,m,nov 09 1963,enneahectogon,america_paramaribo,chf,50217f,hotel,io,insert
eb5323,efrem,bower,m,mar 09 1967,heptahectogon,america_resolute,bnd,ee30ee,golf,mil,drop
mc5884,masha,cutbush,f,dec 22 1985,icositrigon,asia_shanghai,ugx,a260ea,zulu,app,drop
ec2851,ephraim,coysh,m,may 08 1967,octahectogon,brazil_denoronha,try,ff5469,whiskey,me,select
wk1475,wilmette,kinglake,f,mar 08 1985,octagon,pacific_fiji,myr,6aac78,golf,io,select
mk1224,morty,kopisch,m,jan 28 1961,icosikaidigon,pacific_chuuk,xcd,380196,kilo,shop,delete
cc7434,chan,cownden,m,dec 31 1984,trihectogon,brazil_acre,afn,88833e,tango,world,insert
bb1491,bianca,boggs,f,jul 25 1963,icositrigon,america_santa_isabel,nad,88833e,kilo,club,update
ss9723,sutherland,swateridge,m,jul 18 1980,trihectogon,indian_maldives,yer,a260ea,foxtrot,social,drop
om2274,oralla,minerdo,f,jul 11 1964,enneadecagon,america_ciudad_juarez,ars,d665b5,uniform,io,insert
hc7417,huey,claybourn,m,feb 09 1962,trihectogon,america_cancun,bsd,7f9630,golf,gov,insert
me4118,matthus,erangy,m,may 18 1973,tridecagon,america_el_salvador,mmk,5dd2c3,uniform,com,select
ch2685,carrol,howood,m,mar 26 1990,pentadecagon,europe_riga,sar,0b1f92,november,online,create
eh9158,eleen,hunsworth,f,jul 03 1984,hexagon,mexico_bajanorte,ugx,cccf02,oscar,blog,delete
ab9331,andreas,berfoot,m,apr 26 1986,icosikaiheptagon,america_noronha,bob,cccf02,kilo,me,insert
gk2166,gwenni,koppes,f,jul 21 1972,dodecagon,america_grand_turk,cup,cccf02,tango,net,create
aa7217,amandi,awdry,f,aug 24 1964,enneacontagon,africa_khartoum,irr,2a66bc,romeo,social,alter
ss9224,saxe,schenkel,m,nov 19 1969,hendecagon,asia_macao,mga,d2543f,sierra,biz,insert
de6614,dareen,eakins,f,nov 06 1961,decagon,america_denver,mdl,bf6b92,charlie,biz,drop
in7917,israel,nolte,m,mar 31 1967,icosikaipentagon,pacific_chatham,kpw,120d3f,kilo,today,alter
ar9676,alphard,raoux,m,dec 07 1989,icosikaihenagon,asia_omsk,ern,d665b5,lima,social,drop
ld9921,leland,dubique,m,aug 19 1966,triangle,asia_phnom_penh,uyu,61f505,lima,life,create
lg5815,lynsey,grieg,f,feb 24 1982,hexagon,brazil_acre,nok,0b1f92,foxtrot,xyz,delete
ej1854,ely,jerzyk,m,jul 15 1974,trihectogon,asia_tokyo,lkr,d2543f,india,club,update
tl7142,tatiania,linklater,f,oct 08 1990,heptahectogon,canada_atlantic,tjs,5dd2c3,charlie,mil,create
le7431,loralyn,ethridge,f,aug 19 1965,nonagon,europe_brussels,top,d7b4e1,kilo,me,update
ad4966,alexandre,dermot,m,nov 26 1968,hexagon,europe_istanbul,gbp,d665b5,lima,net,drop
et3397,emeline,turmel,f,aug 08 1969,pentahectogon,indian_reunion,cdf,d7b4e1,sierra,shop,drop
er1567,ellswerth,rheam,m,apr 22 1971,pentagon,us_samoa,shp,d7b4e1,charlie,social,insert
ac3815,arleyne,carling,f,jan 16 1989,dihectogon,asia_phnom_penh,chf,50217f,papa,biz,update
ef3879,erminia,ferrulli,f,may 21 1985,heptahectogon,pacific_efate,ltl,61f505,papa,club,delete
bk6958,bambi,kettridge,f,aug 20 1966,hexagon,america_winnipeg,mad,5dd2c3,november,club,drop
pb1565,phillip,beards,m,jun 27 1977,octacontagon,chile_continental,lsl,9d6f4e,zulu,me,drop
bm6264,brenna,mcward,f,apr 28 1974,nonagon,us_central,mmk,cccf02,whiskey,blog,drop
jf5727,jase,fitzsimmons,m,jan 14 1988,heptadecagon,indian_chagos,lbp,d45b3a,foxtrot,edu,alter
cd5788,celia,dank,f,dec 08 1972,nonagon,america_new_york,mga,5d6b83,foxtrot,org,delete
mc4197,morie,cavanagh,m,mar 28 1988,pentahectogon,asia_barnaul,bob,88833e,hotel,me,delete
cu5679,constantina,ugolini,f,jun 25 1975,icosikaihexagon,america_thunder_bay,nad,260e31,november,world,delete
sc7494,salvatore,chisholm,m,mar 08 1983,octacontagon,europe_zaporozhye,hnl,5cff7a,quebec,live,create
dg2215,daniella,garnul,f,mar 13 1977,heptahectogon,america_st_kitts,pgk,2a66bc,zulu,info,update
jc8594,johna,claydon,f,may 07 1964,tridecagon,asia_aqtobe,pab,cccf02,delta,me,update
gr1795,gloriana,rowlands,f,jul 14 1987,icosikaipentagon,america_puerto_rico,yer,bf6b92,xray,club,drop
fd5446,fayette,dust,f,jul 07 1961,tetrahectogon,europe_malta,nok,9d6f4e,hotel,world,update
mr2594,marshal,rossbrooke,m,dec 23 1976,triangle,asia_dubai,mdl,120d3f,quebec,me,create
pb7755,priscilla,bould,f,jan 04 1990,heptacontagon,antarctica_south_pole,uzs,61f505,mike,me,update
ph6474,philly,hansemann,f,mar 14 1965,tetracontagon,canada_yukon,chf,61f505,oscar,com,create
gd2952,giuseppe,dedrick,m,feb 05 1965,tetrahectogon,asia_qatar,pen,2a66bc,victor,world,delete
en7358,ellary,nezey,m,sep 08 1987,enneadecagon,pacific_efate,xpf,120d3f,uniform,biz,delete
mm9648,myrta,mccague,f,apr 24 1982,digon,brazil_west,bnd,0b1f92,zulu,social,alter
ff1857,fairlie,flacknell,m,aug 18 1963,heptacontagon,asia_chongqing,gtq,88833e,romeo,world,update
vw7929,vivie,woodyatt,f,dec 03 1970,decagon,america_resolute,chf,d671e3,lima,shop,delete
rs9958,raven,sprade,f,jul 03 1963,henagon,asia_singapore,jod,d7b4e1,lima,site,drop
im2513,isobel,mccutcheon,f,mar 14 1983,icosagon,europe_paris,rub,3f71a0,hotel,app,delete
sd4574,sayers,de chastelain,m,jan 02 1981,icositrigon,pacific_majuro,thb,d671e3,golf,today,insert
ew8673,ernesto,weaben,m,jun 23 1984,dodecagon,europe_skopje,uzs,ee30ee,hotel,biz,insert
bg6763,bengt,geertsen,m,aug 02 1972,icositetragon,america_nome,wst,d665b5,india,world,delete
pk7864,pearla,kienle,f,jul 01 1965,pentacontagon,us_alaska,usd,9265a1,alfa,biz,alter
hd8866,hewet,dottridge,m,aug 29 1960,icosikaienneagon,asia_chongqing,dkk,d671e3,papa,org,drop
gu1415,gertruda,ugoletti,f,jun 19 1970,dodecagon,africa_ndjamena,std,cccf02,sierra,live,delete
fg4241,francesca,garstan,f,feb 21 1963,octahectogon,africa_casablanca,dkk,cccf02,alfa,io,create
cl5298,cobb,lindberg,m,may 08 1968,hexadecagon,asia_urumqi,btn,5cff7a,uniform,club,select
rc6322,rudyard,chislett,m,oct 17 1973,chiliagon,africa_luanda,zwl,50217f,india,edu,delete
eg6973,elwin,gaytor,m,jan 21 1980,nonagon,pacific_easter,egp,3f71a0,delta,shop,create
me7818,mort,emmerson,m,aug 12 1966,octacontagon,africa_lome,mop,5d6b83,golf,biz,delete
yw7217,yank,westbrook,m,mar 08 1986,hexadecagon,asia_riyadh,cve,d671e3,zulu,world,select
ws8724,wilmer,stack,m,jan 13 1966,tetracontagon,pacific_guadalcanal,xpf,47b94c,xray,mil,alter
vm3154,vikky,mclagan,f,aug 23 1977,heptagon,asia_bahrain,pyg,61f505,foxtrot,life,create
at8227,alla,tomovic,f,mar 21 1982,hexagon,asia_chita,wst,120d3f,quebec,mil,drop
nn5474,nita,nuzzetti,f,oct 15 1986,tetracontagon,pacific_port_moresby,iqd,5cff7a,tango,biz,alter
rb3245,rosa,bowmen,f,sep 28 1988,icosikaihexagon,pacific_wake,ars,260e31,yankee,me,insert
hb5839,hewe,baden,m,apr 13 1960,hexadecagon,africa_lagos,ars,47b94c,yankee,club,update
cb5591,crosby,baddiley,m,oct 31 1979,enneadecagon,pacific_marquesas,irr,3f71a0,charlie,app,delete
sr6147,sarajane,rheam,f,may 23 1963,henagon,asia_almaty,bsd,260e31,tango,pro,select
db3421,donal,breslau,m,nov 23 1964,hexagon,america_st_barthelemy,mur,cccf02,oscar,com,drop
tk9695,tatiana,kerton,f,mar 27 1980,hexadecagon,africa_monrovia,zmw,88833e,romeo,tv,drop
tg6491,tyne,gonsalo,f,jun 25 1969,pentadecagon,asia_hong_kong,awg,d7b4e1,hotel,club,insert
ej7383,eberto,jaslem,m,apr 03 1974,hexadecagon,europe_kiev,sos,3f71a0,romeo,social,update
ck5272,cherida,kasher,f,may 16 1987,icosikaidigon,america_belem,pgk,ff5469,juliett,me,drop
ht7253,hersch,tapson,m,dec 25 1988,icosikaihenagon,america_anguilla,jod,2a66bc,kilo,info,create
am6622,aldridge,moughtin,m,mar 14 1985,hendecagon,america_sao_paulo,jpy,47b94c,whiskey,name,delete
cm5223,candice,mcnirlan,f,feb 01 1970,enneahectogon,america_swift_current,pab,a6fd9d,sierra,edu,delete
bt8995,brinna,thumnel,f,aug 09 1961,octagon,africa_lagos,btn,d671e3,romeo,name,update
vb6154,valera,brader,f,jul 05 1966,triacontagon,pacific_ponape,xpf,d671e3,yankee,today,alter
mt5127,molli,true,f,oct 20 1985,nonagon,pacific_gambier,try,d7b4e1,charlie,mil,update
th5936,teodoor,haslam,m,feb 12 1978,octahectogon,europe_vilnius,nok,d2543f,hotel,name,insert
cd7118,corbet,dowbakin,m,feb 03 1974,heptagon,america_sao_paulo,byr,81074f,india,info,alter
cw9388,crichton,whaley,m,sep 16 1963,octagon,europe_skopje,mvr,120d3f,mike,tv,drop
ma1542,melisse,aldin,f,feb 18 1974,icosikaiheptagon,australia_hobart,ngn,7f9630,lima,shop,delete
dc9398,devlen,caulton,m,oct 02 1969,octagon,asia_bahrain,vnd,120d3f,india,io,alter
gs5211,giovanna,starrs,f,mar 04 1983,enneacontagon,america_chicago,xcd,0b1f92,xray,blog,drop
fm2954,ferrell,millen,m,sep 06 1965,octacontagon,america_cuiaba,yer,ff5469,echo,edu,drop
ob5537,orsola,boud,f,jan 28 1965,icositetragon,pacific_guam,mad,88833e,delta,edu,update
me8538,michel,emson,m,may 25 1964,icosikaihenagon,europe_skopje,aud,120d3f,oscar,com,drop
bt4348,blaire,tellett,f,nov 19 1961,heptagon,asia_baghdad,vnd,380196,whiskey,mil,select
rf4757,regen,flanigan,m,dec 23 1971,triangle,africa_algiers,gmd,2a66bc,zulu,media,select
sm6696,sandie,mcilvaney,f,jan 25 1990,tridecagon,asia_sakhalin,nio,6aac78,bravo,site,insert
ts7163,toddie,sinkinson,m,jul 12 1987,icosikaioctagon,america_ciudad_juarez,syp,5dd2c3,papa,mil,select
sc3486,salmon,checci,m,dec 28 1964,tridecagon,america_detroit,ern,0b1f92,india,app,drop
bg4714,blondelle,ganiclef,f,sep 07 1983,pentadecagon,europe_gibraltar,php,7f9630,delta,xyz,create
ll8765,luce,lockyear,m,dec 07 1966,icosikaiheptagon,europe_stockholm,idr,50217f,delta,online,insert
la1484,leland,abba,m,apr 22 1964,hexagon,america_nipigon,pen,d671e3,tango,io,delete
at9953,annissa,tumility,f,jan 02 1986,dodecagon,america_yakutat,dop,88833e,mike,live,update
ih1423,ignace,hanaford,m,dec 02 1976,hendecagon,europe_jersey,lrd,380196,oscar,live,insert
dm8538,dalston,mclagain,m,dec 26 1970,hexacontagon,america_godthab,vnd,2a66bc,tango,today,alter
jk3233,judy,kaasman,f,mar 11 1988,octagon,africa_libreville,bam,d7b4e1,victor,mil,delete
gh4926,gib,heninghem,m,jun 29 1987,heptahectogon,america_nipigon,mdl,ff5469,zulu,club,select
vt7576,valentine,top,f,dec 08 1986,enneacontagon,asia_macau,hkd,9265a1,tango,world,drop
dy8416,damiano,yates,m,jul 17 1970,tridecagon,africa_casablanca,mnt,61f505,alfa,biz,delete
mb9232,maribelle,bragg,f,feb 05 1961,triangle,africa_blantyre,egp,7f9630,charlie,tv,delete
ah1558,alejandro,harler,m,may 27 1976,hexagon,europe_monaco,ils,ff5469,delta,info,alter
lw4186,louise,wisher,f,jun 24 1976,enneadecagon,asia_novosibirsk,azn,88833e,mike,com,insert
lh9358,lindsey,hickeringill,m,feb 13 1986,pentahectogon,asia_tomsk,huf,d671e3,november,org,create
ap8879,aleece,pau,f,dec 31 1989,octacontagon,america_santiago,kes,ee30ee,tango,edu,create
es1155,early,smithson,m,aug 31 1990,octagon,indian_christmas,mxn,d45b3a,foxtrot,pro,create
cb6182,culley,boatswain,m,apr 04 1975,heptagon,mexico_general,byr,ee30ee,charlie,me,insert
as1269,avigdor,slimm,m,dec 29 1988,octahectogon,america_port_au_prince,sar,9265a1,victor,io,drop
db6976,doretta,bompass,f,dec 01 1978,icosikaioctagon,america_grand_turk,czk,9265a1,foxtrot,shop,alter
tl2636,tabor,lennard,m,apr 15 1988,heptahectogon,europe_berlin,kgs,ee30ee,bravo,info,create
fb6252,franciska,blockey,f,jul 18 1960,hexadecagon,australia_queensland,cdf,6aac78,november,site,update
gw8959,garreth,writer,m,mar 20 1990,henagon,asia_singapore,jmd,bf6b92,mike,edu,delete
ws1472,weider,sircombe,m,oct 05 1978,dodecagon,europe_bratislava,try,ff5469,uniform,social,update
hl5677,hyman,liggins,m,may 17 1981,heptacontagon,australia_melbourne,jod,3f71a0,quebec,world,drop
tc4144,tate,cassar,m,mar 03 1965,tridecagon,canada_newfoundland,kgs,bf6b92,quebec,live,drop
gc7466,genevieve,claybourn,f,apr 22 1973,heptadecagon,indian_christmas,twd,9d6f4e,oscar,name,drop
gt8261,gianna,tixier,f,jul 22 1975,enneahectogon,antarctica_casey,pab,47b94c,november,blog,alter
gc3287,gayel,cocher,f,aug 16 1982,triangle,america_bogota,shp,2a66bc,zulu,live,create
cm9751,cosette,marusik,f,oct 20 1973,hexadecagon,europe_oslo,myr,d45b3a,kilo,me,delete
gt3765,gussi,theunissen,f,jun 30 1982,pentahectogon,asia_kathmandu,gtq,260e31,golf,com,drop
mj1734,madeline,jakes,f,oct 28 1976,icosikaihenagon,australia_brisbane,yer,9265a1,hotel,world,select
gj2335,gratia,jowitt,f,aug 05 1976,heptagon,america_regina,clp,2a66bc,delta,xyz,select
lc2319,lemar,cough,m,jul 11 1981,pentahectogon,europe_stockholm,czk,2a66bc,golf,org,select
cf9688,cecile,freegard,f,aug 22 1961,icositetragon,europe_zurich,hnl,81074f,lima,blog,alter
fc3512,freddie,connow,m,mar 03 1967,icosikaioctagon,canada_central,dop,5cff7a,echo,io,update
cf1552,cecil,flint,m,dec 06 1989,heptacontagon,africa_lagos,top,9d6f4e,zulu,tv,delete
lk1235,lexi,kimberley,f,dec 20 1986,decagon,america_vancouver,npr,bf6b92,delta,xyz,update
hb9911,ham,bonafant,m,nov 14 1964,tridecagon,america_cambridge_bay,uzs,ff5469,whiskey,site,alter
bg3211,bryant,gaze,m,feb 13 1964,triacontagon,atlantic_canary,pen,6aac78,zulu,shop,insert
rs5513,rosalinda,sonschein,f,oct 20 1978,digon,africa_nairobi,uah,d665b5,romeo,site,insert
fr6453,fredrick,rogans,m,jul 26 1988,hexadecagon,america_montevideo,sos,ee30ee,bravo,life,delete
ah3449,albie,huniwall,m,jun 12 1975,icositrigon,asia_aqtau,kes,ff5469,victor,social,select
rs1923,ruperto,sinfield,m,mar 11 1976,trihectogon,africa_maseru,gmd,47b94c,bravo,shop,select
bv5693,belvia,verrillo,f,oct 05 1964,triacontagon,europe_lisbon,pyg,5d6b83,mike,social,create
tb6588,tades,bohan,m,mar 09 1990,tetradecagon,asia_barnaul,mvr,d671e3,delta,pro,delete
lm8114,lissa,milnes,f,sep 26 1978,hendecagon,australia_yancowinna,chf,a260ea,juliett,biz,alter
gb5986,gherardo,blakemore,m,nov 21 1974,icositrigon,africa_khartoum,ugx,7f9630,delta,com,update
ec3676,ewell,crabbe,m,sep 05 1990,tetradecagon,africa_abidjan,ngn,bf6b92,lima,xyz,create
de9934,dulsea,eccott,f,dec 18 1963,pentadecagon,atlantic_st_helena,szl,bf6b92,zulu,mil,delete
fh2238,friedrich,helliar,m,mar 25 1966,trihectogon,asia_chita,cop,61f505,oscar,net,alter
ir9417,ines,ricart,f,oct 19 1971,hexacontagon,canada_saskatchewan,xpf,7f9630,quebec,life,update
lp5165,lisabeth,petticrew,f,sep 10 1981,hendecagon,canada_yukon,pln,2a66bc,tango,life,select
ep1738,eugenia,paulazzi,f,jun 15 1982,icosikaiheptagon,atlantic_stanley,php,9265a1,yankee,site,alter
db9428,davide,bellon,m,aug 08 1968,pentagon,asia_hong_kong,mkd,ff5469,golf,xyz,drop
lf3832,lora,farmiloe,f,jan 08 1967,trihectogon,europe_tirane,nzd,ee30ee,tango,live,create
bc4566,bailey,coppledike,m,dec 22 1969,icositetragon,pacific_kosrae,gmd,0b1f92,india,mil,create
yt5232,yevette,torresi,f,apr 27 1979,hexadecagon,america_dawson_creek,cop,88833e,zulu,org,create
so7956,shepard,otowey,m,jul 27 1976,icosikaihexagon,atlantic_cape_verde,djf,0b1f92,quebec,tv,select
ff2853,francis,fontenot,m,jan 23 1962,octacontagon,africa_lagos,sek,120d3f,delta,app,insert
hg6372,hersch,gonin,m,aug 05 1964,tetracontagon,asia_irkutsk,thb,2a66bc,zulu,gov,create
jz1862,jessamine,zamora,f,jan 01 1977,icosikaihexagon,america_lima,ssp,47b94c,tango,me,create
ns8794,nadine,sazio,f,jun 30 1986,octadecagon,europe_vienna,byr,5d6b83,zulu,xyz,update
na9175,nevil,andreolli,m,jan 03 1963,icosikaienneagon,america_martinique,tmt,9d6f4e,romeo,blog,delete
gn7464,glynis,nitti,f,sep 20 1979,decagon,mexico_general,gtq,cccf02,quebec,gov,insert
ds6141,darla,stanway,f,feb 02 1985,nonagon,pacific_niue,ttd,61f505,quebec,net,create
jl3299,jerrilee,leverington,f,sep 29 1979,enneacontagon,asia_kamchatka,pab,88833e,hotel,online,select
sa2356,salvador,anstie,m,oct 18 1968,hexadecagon,america_chihuahua,gbp,380196,kilo,xyz,delete
iv7726,ileana,van der daal,f,mar 01 1961,heptacontagon,america_mexico_city,etb,d671e3,victor,gov,select
td7635,talbert,delaney,m,jan 15 1976,icosikaihenagon,europe_mariehamn,thb,3f71a0,yankee,life,drop
tl9931,tremaine,lewty,m,apr 30 1965,icosikaiheptagon,asia_ust_nera,bsd,a6fd9d,quebec,today,delete
ac4625,antonina,cobbled,f,aug 22 1989,henagon,america_miquelon,jod,0b1f92,juliett,pro,update
ak7459,angelico,kliemke,m,sep 26 1977,octacontagon,asia_vladivostok,tjs,7f9630,whiskey,gov,update
dp1259,debora,poag,f,sep 22 1990,hexadecagon,asia_ujung_pandang,nio,7f9630,xray,live,create
dw7463,daryl,winstanley,m,jul 10 1989,icosikaihenagon,america_costa_rica,ars,260e31,oscar,biz,update
md9786,merilyn,dennick,f,feb 12 1977,icosikaioctagon,europe_busingen,azn,d671e3,oscar,edu,delete
cs4298,clarisse,seeler,f,aug 06 1964,triacontagon,australia_broken_hill,lrd,bf6b92,india,name,create
vr4198,valida,ryde,f,jun 19 1984,icositetragon,america_creston,sdg,5dd2c3,golf,gov,create
hd1826,hugh,durnford,m,jun 21 1989,decagon,america_chihuahua,vnd,5cff7a,zulu,media,drop
bb8234,brigit,britland,f,dec 12 1966,dihectogon,pacific_tongatapu,isk,47b94c,echo,tv,select
kr7212,kylie,railton,m,nov 12 1988,heptagon,canada_mountain,cup,120d3f,juliett,me,insert
fh1736,flinn,hancell,m,oct 06 1980,nonagon,europe_copenhagen,sll,47b94c,oscar,online,alter
kd2666,kirk,dowdall,m,jul 27 1972,icosikaipentagon,america_eirunepe,rsd,d671e3,oscar,xyz,insert
hy1651,halimeda,yesipov,f,jan 30 1968,pentahectogon,asia_beirut,mmk,81074f,juliett,social,select
am3459,alie,mallord,f,oct 29 1969,icosikaihexagon,atlantic_canary,bdt,ee30ee,yankee,site,update
fd7812,fifi,dionis,f,jul 17 1968,octahectogon,africa_ndjamena,kes,d7b4e1,romeo,name,create
mb4263,mireille,buxcey,f,jan 11 1970,icosikaihenagon,pacific_niue,try,6aac78,uniform,edu,insert
dj3228,dore,jentin,f,feb 24 1974,enneahectogon,africa_casablanca,bwp,d7b4e1,mike,shop,update
lj1976,lianna,jaqueme,f,mar 08 1972,tetracontagon,america_godthab,top,a6fd9d,mike,today,delete
ss6228,samantha,still,f,jan 23 1987,nonagon,africa_addis_ababa,afn,260e31,mike,info,alter
gg5594,grady,gillio,m,may 03 1974,icosikaioctagon,asia_bangkok,dop,0b1f92,papa,app,drop
cs9676,carin,sisnett,f,may 23 1962,hectogon,asia_beirut,pyg,5d6b83,alfa,live,select
ft9214,francyne,tedstone,f,jan 25 1983,tetrahectogon,asia_jakarta,pkr,a6fd9d,sierra,biz,alter
sd1846,suzi,debnam,f,aug 28 1987,icosikaienneagon,asia_kuching,bam,61f505,foxtrot,name,drop
li2547,liam,island,m,oct 28 1987,decagon,europe_vatican,lyd,d45b3a,kilo,today,alter
ws2664,waylin,stent,m,sep 14 1964,hexahectogon,asia_urumqi,lrd,ee30ee,uniform,live,select
sc5462,sherill,crowd,f,aug 30 1985,chiliagon,america_ciudad_juarez,bdt,d7b4e1,sierra,social,insert
gm8191,gail,monkleigh,m,nov 07 1961,heptadecagon,pacific_guam,irr,d2543f,golf,shop,create
pa1249,petronella,astles,f,jan 21 1986,hexahectogon,america_tortola,hnl,7f9630,hotel,com,alter
hf3417,henka,farrens,f,nov 03 1980,dihectogon,america_detroit,cny,61f505,hotel,biz,drop
wj5822,wynne,jenkerson,f,oct 09 1977,dodecagon,europe_vienna,try,d7b4e1,tango,name,drop
gn9924,gale,nicklinson,f,apr 28 1975,triangle,america_metlakatla,gyd,0b1f92,victor,today,alter
ek6134,evanne,klazenga,f,feb 06 1982,triangle,africa_kampala,bsd,5cff7a,bravo,org,create
ac1241,aluino,cecchetelli,m,aug 23 1974,tetradecagon,africa_blantyre,mga,5d6b83,papa,gov,drop
ts4256,tiebold,syphas,m,feb 16 1967,dihectogon,asia_saigon,idr,bf6b92,bravo,world,update
kl9762,kimmy,luggar,f,mar 08 1979,icosikaihexagon,america_manaus,hkd,61f505,mike,online,update
tg9637,terrie,godspede,f,may 12 1990,tridecagon,asia_macao,xaf,81074f,hotel,site,update
ss6316,simonette,sherrard,f,dec 06 1966,icositetragon,asia_riyadh,uzs,d665b5,india,social,drop
ab6432,ambrosio,birnie,m,jan 25 1982,icositrigon,asia_yangon,ugx,5dd2c3,juliett,name,update
nb4167,neille,bassill,f,sep 13 1977,nonagon,antarctica_rothera,mop,47b94c,mike,club,alter
im5118,isidro,macadam,m,oct 15 1990,icositetragon,asia_taipei,usd,ff5469,echo,net,drop
ga7116,ginger,arlt,f,jun 12 1969,triacontagon,pacific_wallis,rsd,5cff7a,sierra,world,delete
ds5257,dag,suscens,m,jul 01 1968,enneacontagon,america_rainy_river,isk,47b94c,mike,name,select
jl8738,jenilee,ludwikiewicz,f,may 29 1976,trihectogon,antarctica_dumontdurville,bif,6aac78,xray,online,alter
dm9782,derby,melross,m,may 23 1981,octahectogon,america_havana,mkd,cccf02,juliett,today,create
aa9788,aldis,asker,m,oct 03 1986,heptacontagon,america_araguaina,myr,d45b3a,golf,biz,insert
ps5418,prissie,scullard,f,sep 09 1962,pentahectogon,asia_bangkok,ghs,d671e3,echo,world,insert
gh8273,gilles,hawkwood,m,aug 12 1969,icosikaioctagon,asia_kabul,twd,2a66bc,quebec,io,insert
st7841,sib,thon,f,feb 22 1978,triacontagon,asia_tehran,kmf,88833e,romeo,gov,update
rl3399,rosabella,ladewig,f,dec 23 1986,icosikaipentagon,america_mendoza,egp,5d6b83,kilo,world,update
ro8971,rahal,olyunin,f,aug 18 1978,hexadecagon,america_metlakatla,sar,7f9630,quebec,media,drop
rd7121,rosalyn,dockree,f,aug 27 1985,icositrigon,asia_kamchatka,bsd,0b1f92,zulu,world,create
tf5138,tome,formby,m,jun 15 1967,icosikaipentagon,america_aruba,bbd,d665b5,golf,live,alter
mb8728,miner,bernardino,m,feb 17 1982,pentadecagon,america_st_lucia,btn,ee30ee,juliett,biz,update
da6847,daloris,abram,f,aug 10 1984,tridecagon,america_cancun,byr,d7b4e1,sierra,com,insert
dc7219,dora,caras,f,aug 28 1963,enneadecagon,pacific_honolulu,cdf,d2543f,juliett,online,delete
kq6511,kaylyn,quinnelly,f,nov 18 1975,dodecagon,america_blanc_sablon,mvr,3f71a0,alfa,shop,delete
lr4299,larina,reagan,f,sep 06 1961,enneacontagon,europe_malta,cup,120d3f,yankee,app,create
ac8885,arturo,clist,m,sep 03 1975,chiliagon,asia_katmandu,std,d7b4e1,juliett,tv,create
ks6117,kassey,stanway,f,jun 06 1983,enneadecagon,pacific_port_moresby,krw,ff5469,tango,online,create
md2859,mahmud,durnford,m,aug 30 1990,icosikaihenagon,europe_astrakhan,awg,1ed7b2,charlie,mil,create
hr9935,hobard,redan,m,jun 15 1962,trihectogon,america_st_thomas,zwl,88833e,charlie,world,select
cm3137,cissiee,manchester,f,jun 12 1974,icosikaihenagon,america_tijuana,pab,0b1f92,echo,social,alter
lj4471,lion,josofovitz,m,sep 03 1973,dodecagon,australia_north,bam,d2543f,india,world,select
cg3971,chico,giorgi,m,apr 05 1972,chiliagon,pacific_truk,shp,ff5469,golf,biz,select
dv9813,dare,vodden,m,jul 22 1989,henagon,africa_lagos,byr,0b1f92,november,life,delete
rb4588,ruperta,barnaby,f,mar 01 1967,triangle,australia_lhi,ssp,bf6b92,zulu,club,alter
yt1656,yulma,tidbald,m,apr 27 1979,hendecagon,asia_tel_aviv,xpf,d45b3a,echo,edu,select
ss3984,shermy,slimming,m,dec 18 1975,pentagon,america_atikokan,brl,a6fd9d,victor,app,update
dh3373,delly,hansberry,f,jan 30 1979,hendecagon,africa_porto_novo,top,260e31,mike,club,delete
mr2166,marni,rickeard,f,dec 23 1987,octagon,europe_brussels,bmd,d665b5,echo,org,select
gf4211,gerik,fried,m,nov 02 1960,tetradecagon,atlantic_cape_verde,nzd,a260ea,golf,live,create
sc4649,sammy,charte,m,apr 16 1978,hectogon,europe_luxembourg,xof,2a66bc,papa,biz,insert
mb3834,mara,binks,f,nov 17 1962,icosikaienneagon,indian_kerguelen,wst,ff5469,juliett,club,insert
no4769,nani,orris,f,sep 09 1975,octacontagon,asia_gaza,lak,d45b3a,bravo,blog,delete
nl8169,noell,lowen,f,nov 29 1985,tetradecagon,antarctica_davis,etb,0b1f92,india,pro,delete
lk4446,liane,kintzel,f,may 30 1981,icositetragon,asia_khandyga,czk,9265a1,mike,social,alter
ab5351,arnoldo,bispo,m,may 03 1990,icositrigon,europe_zagreb,zmw,7f9630,uniform,info,update
wp2466,whitney,pickworth,m,mar 06 1975,hexadecagon,america_recife,mga,d45b3a,hotel,name,select
ib3442,issiah,bradfield,m,nov 05 1974,pentahectogon,asia_qyzylorda,thb,3f71a0,romeo,net,drop
bm1339,buddie,mcveigh,m,sep 23 1973,chiliagon,europe_belfast,afn,1ed7b2,victor,mil,drop
cb5225,charmine,blodgett,f,sep 21 1980,dodecagon,asia_ho_chi_minh,pyg,9265a1,quebec,online,create
np6451,ninnetta,prazor,f,dec 26 1980,icositetragon,america_bahia_banderas,tjs,5cff7a,papa,net,update
tr5961,thomasine,reely,f,oct 07 1970,henagon,asia_kathmandu,uah,61f505,alfa,biz,delete
rd2931,ronnica,donaldson,f,may 02 1986,tetracontagon,america_martinique,kwd,ff5469,charlie,site,drop
gb5439,granville,beagley,m,jul 10 1965,triacontagon,europe_riga,sll,bf6b92,alfa,world,update
oc4923,odele,caslake,f,nov 15 1974,decagon,asia_khandyga,cdf,5dd2c3,juliett,mil,create
ef9448,elmore,farleigh,m,aug 07 1980,hexadecagon,africa_niamey,afn,61f505,golf,mil,select
wo9773,wallie,ormshaw,f,sep 04 1981,tetrahectogon,asia_riyadh,brl,81074f,victor,live,alter
by1994,brander,yaknov,m,mar 29 1967,icosikaidigon,europe_prague,uah,d671e3,tango,life,select
ct4199,colly,tennock,f,jan 03 1981,enneahectogon,africa_porto_novo,pab,9d6f4e,charlie,biz,insert
jt4987,jesselyn,taaffe,f,oct 16 1966,octacontagon,asia_hebron,szl,9d6f4e,romeo,me,create
uh2897,ursa,harmant,f,feb 12 1990,pentadecagon,asia_tel_aviv,ang,6aac78,bravo,media,drop
ye1234,yancy,eves,m,oct 12 1973,heptadecagon,america_knox_in,ssp,0b1f92,xray,life,alter
hs6433,huntlee,smoth,m,feb 22 1963,hexacontagon,pacific_fakaofo,kmf,47b94c,lima,mil,drop
mb1932,marshal,bevington,m,oct 16 1982,henagon,africa_algiers,bsd,120d3f,lima,tv,delete
eb6357,evie,bartaloni,f,sep 07 1974,enneahectogon,america_st_lucia,hnl,2a66bc,alfa,org,select
th5264,terrill,huggins,m,nov 21 1986,octadecagon,antarctica_vostok,usd,1ed7b2,quebec,gov,update
kt9496,kally,threadgill,f,feb 22 1987,icosikaiheptagon,australia_darwin,zmw,bf6b92,bravo,social,insert
lg4867,laurens,goldsack,m,oct 26 1962,icosikaihexagon,asia_kuching,mur,d671e3,zulu,edu,delete
sy1496,stearne,youdell,m,sep 28 1962,icosikaiheptagon,indian_mahe,lsl,d671e3,zulu,net,update
rj8165,richmound,jerrold,m,jun 04 1973,digon,america_guyana,etb,d671e3,mike,app,select
pb4833,pasquale,benito,m,jan 19 1961,icosagon,america_nassau,mmk,ee30ee,echo,life,alter
em3722,elberta,moscrop,f,jul 19 1961,triacontagon,america_nassau,nad,a6fd9d,quebec,net,update
jb3945,jaclyn,beacom,f,nov 28 1963,icosikaioctagon,europe_belgrade,idr,ee30ee,xray,app,drop
eb7955,evangelina,bjerkan,f,aug 13 1975,heptacontagon,america_ensenada,zar,61f505,victor,life,update
fd2474,ferdinande,dumbelton,f,apr 21 1981,pentahectogon,asia_tomsk,kpw,88833e,quebec,org,insert
ct4273,corbet,teek,m,apr 23 1962,triangle,america_louisville,irr,a260ea,charlie,today,create
ls9662,lonnie,salvadori,m,may 12 1960,octacontagon,america_la_paz,khr,a6fd9d,juliett,tv,insert
tc4415,twyla,cisland,f,feb 13 1981,icosikaienneagon,africa_harare,eur,88833e,quebec,app,insert
ld1198,lynn,dudek,f,mar 14 1966,icosikaihexagon,pacific_efate,qar,cccf02,hotel,biz,update
tl3394,tyrone,longfellow,m,nov 12 1978,icosagon,canada_central,huf,5d6b83,quebec,io,create
eg2385,everard,gumm,m,aug 21 1983,enneahectogon,africa_kigali,myr,61f505,victor,xyz,update
by1743,beltran,yateman,m,nov 19 1990,trihectogon,atlantic_st_helena,mkd,a6fd9d,zulu,name,drop
pm7494,parrnell,murrhardt,m,jul 10 1968,tridecagon,asia_srednekolymsk,uyu,61f505,golf,me,insert
gb2267,gaylord,bonsall,m,may 23 1972,decagon,asia_kuching,lrd,81074f,victor,media,select
bl2849,beryle,lambotin,f,feb 02 1962,icosikaidigon,australia_victoria,bmd,d671e3,bravo,blog,drop
hb8574,hi,bartolomeoni,m,apr 20 1984,pentagon,australia_lord_howe,clp,120d3f,kilo,net,delete
jg7143,jase,gadsden,m,oct 12 1990,triacontagon,us_mountain,rsd,bf6b92,hotel,online,select
ls2855,law,sheering,m,dec 23 1984,octadecagon,europe_zaporozhye,khr,7f9630,sierra,info,alter
ar4337,ag,rafe,f,mar 09 1979,heptadecagon,asia_saigon,vnd,61f505,sierra,mil,delete
am4532,arlene,mertgen,f,dec 18 1986,octacontagon,us_eastern,dkk,d2543f,tango,edu,drop
gh3175,godard,heskey,m,oct 23 1962,octadecagon,europe_san_marino,byr,9d6f4e,sierra,info,delete
dk7358,denna,kitto,f,jul 01 1989,hendecagon,america_rainy_river,xcd,2a66bc,sierra,site,insert
fm4492,flin,mccafferky,m,jul 25 1989,chiliagon,america_atka,mad,d665b5,foxtrot,biz,create
sm3228,sybyl,myton,f,aug 13 1975,henagon,pacific_chuuk,byr,61f505,charlie,gov,select
sd8947,selle,doag,f,nov 01 1966,octadecagon,africa_freetown,aud,9265a1,foxtrot,site,update
en7871,emily,neve,f,jan 30 1970,dodecagon,asia_phnom_penh,cdf,d7b4e1,romeo,life,delete
nm9984,nell,marquez,f,dec 17 1981,heptahectogon,america_st_kitts,twd,81074f,quebec,tv,delete
ob7548,odille,boich,f,dec 06 1986,hexagon,mexico_bajanorte,mmk,5dd2c3,oscar,live,update
gb6964,guthrey,benza,m,may 27 1969,tridecagon,america_lower_princes,vef,120d3f,alfa,net,drop
ib3225,isaac,bestwick,m,dec 02 1962,chiliagon,asia_tomsk,irr,7f9630,charlie,app,delete
mp2692,mill,playle,m,feb 18 1960,tridecagon,africa_malabo,dop,5dd2c3,victor,gov,insert
ql7676,quillan,layton,m,nov 06 1984,hectogon,australia_canberra,bam,81074f,victor,social,create
nh1122,norene,hidderley,f,sep 25 1981,nonagon,asia_ulaanbaatar,lbp,9265a1,kilo,life,alter
jr7773,julietta,rennard,f,jul 31 1963,icosikaihenagon,america_cancun,bob,120d3f,papa,gov,drop
ls4463,liana,stoyell,f,aug 30 1968,tridecagon,america_ciudad_juarez,mmk,0b1f92,charlie,media,insert
df2996,dolley,franchioni,f,apr 21 1980,icosikaihexagon,america_santiago,twd,9d6f4e,echo,pro,select
ik4414,iseabal,kenway,f,jul 14 1984,pentacontagon,pacific_fakaofo,huf,a6fd9d,xray,info,delete
tc7938,tersina,cubbit,f,oct 28 1970,hexagon,asia_ujung_pandang,tzs,0b1f92,bravo,org,select
vb3525,violet,brinkley,f,oct 11 1975,icosikaipentagon,america_guayaquil,twd,ee30ee,charlie,org,alter
rp2227,rad,prescott,m,nov 08 1974,icosikaihenagon,america_nome,mad,1ed7b2,whiskey,blog,update
av2219,alyce,vergine,f,feb 09 1961,icositrigon,indian_antananarivo,irr,9265a1,charlie,org,insert
js2575,jerrome,simounet,m,jun 17 1968,icosikaienneagon,america_shiprock,ttd,a6fd9d,tango,club,update
rm5196,rosalia,meineking,f,nov 05 1979,icositrigon,america_edmonton,php,120d3f,lima,xyz,create
ag2113,allys,gainfort,f,aug 07 1987,decagon,america_montreal,mro,7f9630,juliett,social,drop
hs3475,halsy,sycamore,m,nov 03 1969,pentagon,us_michigan,lak,6aac78,lima,biz,insert
ms4161,miriam,sprason,f,dec 25 1984,octagon,america_cordoba,pln,cccf02,yankee,name,delete
ks3484,kala,stickel,f,jan 27 1980,enneacontagon,brazil_denoronha,npr,1ed7b2,alfa,biz,delete
rh4258,rudyard,harrow,m,jul 07 1978,octagon,pacific_tahiti,pyg,47b94c,alfa,today,select
cw7895,clareta,wheeler,f,aug 19 1960,enneadecagon,america_boa_vista,tnd,a260ea,kilo,club,create
vs6495,verena,stolberg,f,jul 27 1974,hexagon,us_indiana_starke,mvr,d45b3a,tango,site,select
ga2956,gerianne,aindrais,f,may 27 1971,tetradecagon,america_dawson_creek,rsd,5d6b83,quebec,biz,alter
ao8565,andra,o mullan,f,nov 18 1985,hexadecagon,asia_qyzylorda,ugx,d45b3a,quebec,org,insert
zg6249,zora,greenhow,f,dec 25 1967,heptahectogon,europe_andorra,khr,d45b3a,papa,gov,insert
vv9984,valma,van der vlies,f,jun 08 1968,trihectogon,atlantic_madeira,lrd,d45b3a,tango,social,delete
mh3331,michal,hatwells,f,apr 21 1984,hexagon,asia_jerusalem,kmf,88833e,zulu,net,update
lk1418,lorette,kapelhof,f,dec 15 1965,dodecagon,america_pangnirtung,azn,9d6f4e,hotel,social,insert
nm2639,noe,molyneaux,m,jan 23 1981,triangle,america_fort_wayne,sdg,61f505,uniform,today,delete
sb2126,sydney,brade,f,aug 15 1968,pentahectogon,australia_queensland,bsd,ff5469,uniform,shop,update
cf8669,cordell,fante,m,oct 08 1963,octacontagon,america_araguaina,yer,61f505,tango,gov,select
sp7884,standford,pounsett,m,feb 22 1964,tridecagon,asia_omsk,jod,81074f,lima,site,insert
lh8951,lesley,hanstock,m,oct 01 1977,pentahectogon,africa_mogadishu,twd,81074f,echo,app,drop
gl2371,gerrie,lohan,f,oct 11 1962,octacontagon,europe_kiev,mro,a6fd9d,kilo,pro,update
jo3522,julee,osherrin,f,mar 09 1985,icositrigon,europe_rome,irr,9265a1,tango,life,drop
dm8768,daven,milmith,m,dec 11 1967,dodecagon,europe_copenhagen,bif,ff5469,papa,club,update
gc3334,georas,cianelli,m,sep 15 1988,icosagon,asia_damascus,try,47b94c,echo,blog,delete
sd4549,shelia,duffin,f,may 24 1982,hexacontagon,pacific_honolulu,azn,6aac78,alfa,shop,create
ed5612,edyth,demann,f,feb 09 1960,hendecagon,australia_darwin,pen,bf6b92,india,club,create
cp3685,cordy,perchard,f,jul 09 1964,octadecagon,europe_samara,djf,61f505,xray,edu,create
ol9829,orelie,laval,f,jun 28 1967,icosikaihexagon,indian_maldives,azn,50217f,november,world,select
cg8515,chadwick,grimmett,m,jun 06 1982,hexacontagon,asia_sakhalin,vnd,d671e3,lima,xyz,alter
sg7831,sid,greenacre,m,feb 16 1965,nonagon,america_fort_wayne,isk,380196,mike,pro,create
zr4254,zebulen,rudolph,m,mar 27 1985,pentadecagon,america_tijuana,mvr,ff5469,uniform,shop,alter
gb6379,gayle,baude,m,jun 30 1960,nonagon,asia_shanghai,mdl,cccf02,xray,info,create
of2751,opalina,frankton,f,aug 15 1985,tridecagon,america_belize,jpy,d45b3a,alfa,org,drop
nc5189,nealson,coker,m,jul 03 1965,hectogon,antarctica_syowa,lbp,380196,tango,club,delete
ab9157,archibaldo,boch,m,aug 08 1978,icosagon,asia_kolkata,yer,1ed7b2,bravo,mil,alter
ay5723,allistir,yakovliv,m,feb 20 1984,octahectogon,america_paramaribo,cup,5cff7a,papa,app,create
jd2996,jeromy,djokovic,m,oct 18 1975,heptahectogon,america_adak,ttd,7f9630,foxtrot,online,update
jr8219,jillian,reekie,f,apr 09 1982,tetrahectogon,asia_bangkok,uzs,5dd2c3,papa,info,create
ms1395,missie,seymer,f,feb 07 1988,icosikaipentagon,asia_kolkata,aud,2a66bc,delta,org,alter
dp5179,dominique,pybus,m,nov 02 1964,heptadecagon,asia_colombo,ugx,380196,yankee,org,delete
fc5225,floria,cantos,f,jul 29 1975,enneacontagon,europe_sofia,std,d2543f,zulu,biz,insert
kq5227,katie,quested,f,jun 10 1978,hectogon,america_la_paz,bdt,260e31,delta,media,delete
kb6466,kelby,braun,m,mar 13 1969,digon,asia_riyadh,krw,bf6b92,india,net,drop
ts3619,tome,skotcher,m,may 11 1973,icosikaidigon,europe_skopje,mop,a260ea,papa,io,drop
ls5959,lizette,somerset,f,dec 12 1972,enneahectogon,america_recife,thb,ff5469,quebec,biz,create
fo4113,florence,otson,f,may 30 1970,tridecagon,asia_hovd,pkr,3f71a0,echo,com,select
wb3543,winonah,baggaley,f,dec 30 1990,icosikaienneagon,america_blanc_sablon,mdl,d665b5,juliett,io,update
sf4582,sherman,furze,m,dec 20 1970,icositetragon,africa_porto_novo,pln,d665b5,papa,app,update
wr8879,wallis,raiman,m,apr 19 1988,hexadecagon,america_campo_grande,xcd,9d6f4e,papa,gov,alter
jr6645,jolie,rosas,f,jun 14 1985,digon,america_cordoba,kgs,81074f,victor,org,insert
gk7871,gabi,koene,f,mar 05 1981,icosagon,america_bahia_banderas,byr,120d3f,quebec,blog,insert
sl1876,salvatore,leguay,m,oct 05 1973,octagon,america_punta_arenas,kzt,a6fd9d,victor,io,delete
bs4175,bearnard,swaffield,m,feb 18 1979,icosikaihenagon,europe_skopje,ttd,6aac78,lima,today,update
rt5481,reeta,tomney,f,aug 30 1966,pentahectogon,europe_zagreb,vef,bf6b92,yankee,biz,create
ss6486,salomone,stoak,m,may 10 1982,pentahectogon,us_alaska,lbp,0b1f92,golf,xyz,alter
mo9861,mart,ologhlen,m,jul 12 1967,icosikaiheptagon,asia_ujung_pandang,isk,9d6f4e,victor,club,delete
tc3774,thoma,celez,m,jun 05 1962,hexadecagon,pacific_guadalcanal,pen,0b1f92,lima,life,update
ee2871,eberto,earsman,m,dec 01 1987,icosikaidigon,america_fortaleza,sar,a6fd9d,sierra,online,alter
co2445,celestyna,orcott,f,jan 19 1979,icosikaidigon,atlantic_azores,aed,260e31,november,com,drop
eg6614,elmira,gosson,f,nov 03 1960,pentadecagon,brazil_denoronha,krw,ff5469,yankee,name,insert
mr4348,marion,rozier,m,aug 06 1979,icositrigon,asia_hovd,byr,a6fd9d,xray,life,insert
ro6951,reagen,o mullan,m,jul 04 1963,icosikaidigon,america_jujuy,cup,380196,whiskey,edu,drop
gl3134,gennifer,leetham,f,dec 19 1979,enneahectogon,america_coral_harbour,nio,ee30ee,india,world,select
dg9967,daron,goodbairn,m,dec 02 1981,icositrigon,asia_urumqi,huf,9265a1,alfa,site,select
sh3454,sven,haggus,m,nov 25 1990,henagon,asia_jakarta,bsd,5d6b83,foxtrot,online,update
cm6343,crystie,martugin,f,sep 30 1962,octahectogon,africa_mbabane,kes,a6fd9d,echo,com,select
dt1813,dun,taffrey,m,jul 04 1977,icosikaihexagon,america_thunder_bay,btn,3f71a0,whiskey,club,drop
ch7529,chaddie,hickisson,m,feb 14 1984,henagon,asia_yerevan,zwl,380196,india,io,create
tt3338,tybie,timms,f,aug 30 1973,triangle,asia_jerusalem,lbp,120d3f,bravo,tv,drop
li1472,leroy,isakov,m,may 19 1979,hectogon,asia_dili,ltl,5dd2c3,quebec,app,update
ad9928,addie,di giacomo,m,jul 05 1987,octadecagon,antarctica_syowa,crc,6aac78,november,life,select
pk6364,prince,kobpal,m,apr 29 1963,hexagon,europe_monaco,mad,5d6b83,tango,live,drop
pg3475,pyotr,graeser,m,oct 13 1963,hectogon,asia_vladivostok,bgn,81074f,kilo,net,create
af8287,abagael,featherstonhalgh,f,sep 26 1961,chiliagon,asia_qostanay,szl,bf6b92,juliett,club,delete
lg9814,lea,garnsworth,f,nov 03 1963,icosikaiheptagon,america_mexico_city,uah,d45b3a,november,gov,create
cp4119,chelsy,presser,f,jan 05 1983,pentagon,america_virgin,afn,d7b4e1,juliett,site,update
np8788,noah,pimm,m,oct 24 1984,hexahectogon,africa_gaborone,bnd,260e31,zulu,tv,update
dt7317,darice,truse,f,oct 07 1986,triacontagon,america_belem,ttd,5cff7a,tango,mil,alter
rk4273,rod,kopfer,m,jul 02 1983,hexacontagon,america_montevideo,uah,ff5469,juliett,net,drop
tm8627,tamara,minister,f,jan 16 1987,heptacontagon,us_michigan,irr,260e31,foxtrot,today,delete
jf1985,jamie,frays,m,oct 28 1965,chiliagon,america_bahia,hkd,50217f,golf,info,delete
bl7852,brittne,lindeman,f,may 09 1979,icositetragon,africa_banjul,tjs,d7b4e1,whiskey,com,insert
bt2427,blondelle,townby,f,jun 28 1976,octahectogon,asia_dhaka,wst,50217f,golf,xyz,select
ff4459,fredrick,fookes,m,nov 28 1961,pentacontagon,asia_famagusta,aed,47b94c,delta,tv,drop
bd7593,barnabe,dawtry,m,may 05 1976,tetradecagon,australia_hobart,pgk,7f9630,oscar,com,delete
cc1663,christalle,chastel,f,sep 12 1975,chiliagon,america_aruba,bob,2a66bc,india,media,insert
hh1823,halie,herche,f,nov 09 1967,trihectogon,pacific_fiji,uyu,50217f,tango,mil,insert
yl7998,yetta,labitt,f,nov 12 1981,tetrahectogon,asia_pyongyang,zmw,bf6b92,victor,mil,insert
bl8531,berkie,lantuff,m,dec 02 1974,icosagon,asia_magadan,chf,d671e3,kilo,blog,create
cc3968,curtice,carmichael,m,nov 19 1970,tetrahectogon,asia_novosibirsk,tzs,260e31,bravo,app,delete
rw8565,renata,withringten,f,aug 07 1961,hexacontagon,europe_berlin,shp,d7b4e1,delta,biz,create
bh3825,brandie,haggarty,f,mar 05 1973,heptahectogon,america_st_kitts,ngn,88833e,kilo,live,insert
cc6715,chester,conville,m,sep 26 1962,octagon,europe_tallinn,mad,5d6b83,charlie,info,update
of1237,olav,franzke,m,mar 30 1960,pentagon,europe_paris,lyd,9d6f4e,foxtrot,shop,insert
ff8275,finlay,flook,m,oct 03 1973,icosikaipentagon,america_anchorage,lbp,5dd2c3,victor,live,delete
rg1921,roddy,grendon,m,feb 14 1981,octagon,europe_zurich,sos,d45b3a,hotel,xyz,alter
ew9572,ernie,willbourne,m,apr 20 1982,icosikaihenagon,asia_hebron,twd,5cff7a,tango,tv,insert
bg6437,berty,greenfield,m,aug 20 1980,hectogon,asia_kathmandu,cdf,ee30ee,zulu,live,drop
ec1248,eddy,clues,f,jan 17 1989,hexadecagon,africa_brazzaville,uah,bf6b92,charlie,social,insert
to7632,tasia,ocurrigan,f,jul 29 1973,tetradecagon,america_edmonton,uyu,6aac78,bravo,me,update
ea6875,eyde,allcock,f,nov 17 1981,hexagon,america_dawson_creek,kwd,cccf02,mike,online,update
cw8298,crysta,walesa,f,mar 31 1961,pentahectogon,africa_cairo,gyd,88833e,sierra,live,update
rd7814,regine,daveley,f,mar 09 1969,pentahectogon,atlantic_jan_mayen,ils,61f505,mike,mil,update
tl9473,tani,linkleter,f,jun 28 1960,hexadecagon,asia_oral,vnd,88833e,november,pro,select
fp3459,ferdinand,pendrid,m,nov 15 1965,hendecagon,indian_mayotte,usd,ee30ee,juliett,shop,update
ic3471,izabel,crenage,f,jun 06 1982,icosikaienneagon,pacific_johnston,ang,ff5469,mike,xyz,insert
ze8876,zitella,emberson,f,apr 13 1962,digon,america_st_thomas,ltl,0b1f92,echo,social,alter
tt7361,trina,tschirschky,f,jan 14 1964,tridecagon,america_st_vincent,bhd,7f9630,kilo,site,update
kc2889,ki,conville,f,dec 02 1989,heptacontagon,asia_saigon,pab,3f71a0,xray,media,alter
gm2433,guendolen,maudsley,f,sep 18 1968,icosikaihenagon,africa_maputo,pgk,81074f,echo,mil,insert
wp3113,waylin,prinett,m,sep 09 1968,tetradecagon,africa_niamey,idr,d671e3,xray,com,delete
of7729,oneida,fitzpayn,f,feb 15 1974,chiliagon,europe_jersey,bsd,2a66bc,india,app,insert
ms6864,marcella,shewring,f,oct 12 1970,tetrahectogon,pacific_johnston,uah,81074f,whiskey,pro,alter
cb4256,chevy,banville,m,apr 28 1986,heptahectogon,africa_djibouti,mdl,0b1f92,uniform,xyz,select
jm8125,jerome,morot,m,feb 28 1977,icosikaidigon,america_bogota,php,d665b5,whiskey,today,alter
yb2229,yasmin,bridgewater,f,aug 25 1972,heptahectogon,indian_comoro,afn,6aac78,yankee,site,select
jh2454,jules,heckle,m,jul 23 1989,enneahectogon,australia_melbourne,twd,a260ea,juliett,tv,drop
ma8835,margy,andriss,f,mar 03 1974,icosikaiheptagon,australia_broken_hill,syp,61f505,victor,me,insert
bm7231,bennie,maynell,m,aug 04 1982,tetracontagon,america_detroit,nok,d2543f,foxtrot,org,delete
fc6564,frants,chelam,m,mar 29 1960,icosikaiheptagon,asia_kuwait,tjs,9d6f4e,zulu,org,update
fl3198,fonzie,labern,m,dec 21 1985,triacontagon,asia_rangoon,mro,1ed7b2,quebec,live,alter
sr8453,stefano,raven,m,nov 28 1985,pentahectogon,pacific_easter,syp,0b1f92,sierra,world,update
tm8322,tuckie,muncaster,m,apr 09 1972,icosikaihexagon,pacific_efate,iqd,47b94c,sierra,online,alter
bt7492,barbabas,tottie,m,nov 28 1961,icositetragon,asia_colombo,vef,120d3f,india,live,drop
jc4371,jone,craddock,m,jan 21 1961,hexagon,america_new_york,ssp,81074f,victor,tv,update
rr7116,raven,rannells,f,may 04 1974,triacontagon,pacific_kwajalein,wst,6aac78,mike,name,alter
po2576,patrizius,odney,m,apr 18 1970,icosagon,america_metlakatla,lyd,d2543f,lima,shop,update
ht2861,hedda,threadgall,f,jan 19 1974,icosikaioctagon,asia_kuala_lumpur,mzn,d45b3a,mike,org,create
rk7296,rene,kayser,m,jan 09 1985,hectogon,asia_sakhalin,kpw,6aac78,golf,online,delete
hv1529,heda,van dalen,f,feb 12 1966,hectogon,europe_brussels,ugx,380196,oscar,social,delete
zs7573,zarah,shiels,f,mar 31 1979,triacontagon,pacific_tongatapu,mkd,50217f,delta,net,create
dk6726,derick,keets,m,jul 20 1978,triangle,america_lower_princes,kmf,50217f,juliett,me,insert
dm9731,demeter,moye,f,sep 11 1963,octahectogon,asia_barnaul,hrk,81074f,oscar,life,alter
ek2836,ernesto,kevern,m,oct 05 1967,triacontagon,africa_mbabane,vef,7f9630,kilo,life,select
wg3561,waldon,gowen,m,jun 29 1985,pentagon,asia_jerusalem,mnt,120d3f,mike,io,drop
ps3174,pattin,skitch,m,jun 07 1986,heptadecagon,australia_brisbane,mro,3f71a0,victor,app,insert
mk2565,maynord,keoghan,m,aug 13 1972,heptacontagon,africa_juba,jmd,0b1f92,mike,xyz,alter
lv5212,leontyne,vasyukhin,f,apr 23 1964,digon,africa_ouagadougou,lrd,88833e,juliett,social,drop
ma2481,matty,atwill,m,aug 09 1990,hexacontagon,africa_bamako,kmf,d7b4e1,papa,site,create
ms7693,merry,somerbell,f,may 26 1961,enneacontagon,america_curacao,idr,2a66bc,india,xyz,drop
rc4754,ronnie,cobley,m,apr 25 1981,tetradecagon,america_dawson_creek,lak,7f9630,papa,com,delete
ac3446,anatol,cropper,m,dec 06 1976,triangle,asia_chita,djf,81074f,whiskey,xyz,drop
kg4558,kittie,guisot,f,jul 12 1978,hexadecagon,africa_kinshasa,hnl,d7b4e1,sierra,info,select
lg6883,lon,giovannelli,m,oct 22 1980,triangle,africa_harare,ssp,380196,golf,com,insert
fp2667,fritz,plumridge,m,sep 23 1986,octahectogon,europe_monaco,pgk,88833e,whiskey,net,select
wm2412,welsh,moyler,m,nov 27 1982,icosikaioctagon,africa_brazzaville,bob,5dd2c3,alfa,life,insert
gc4787,godfry,cannell,m,jun 23 1971,tridecagon,pacific_pago_pago,azn,d2543f,juliett,name,update
fp4222,franky,peregrine,f,jul 18 1983,hectogon,asia_karachi,htg,9265a1,golf,org,alter
fs1883,francklyn,scranedge,m,sep 02 1975,tridecagon,africa_bangui,nio,ee30ee,zulu,club,update
nd6796,neille,duckerin,f,jun 12 1965,enneahectogon,asia_beirut,uah,9265a1,charlie,social,update
jf9866,jarred,friman,m,sep 19 1982,icosikaipentagon,africa_bissau,bmd,260e31,hotel,name,update
hf4365,hy,frankton,m,sep 14 1977,octahectogon,america_recife,awg,5d6b83,kilo,app,select
td2526,tracee,drayn,f,jul 13 1968,hexagon,europe_vilnius,sos,81074f,juliett,blog,create
df6229,dexter,fortescue,m,sep 08 1990,heptacontagon,africa_kigali,bam,2a66bc,oscar,gov,insert
md8595,maryrose,dellenbrook,f,nov 08 1972,hexadecagon,america_glace_bay,jmd,bf6b92,sierra,site,update
ml2646,marmaduke,lawlie,m,aug 15 1979,icosikaihexagon,europe_brussels,ern,ff5469,echo,pro,select
gc6952,griselda,craisford,f,may 20 1990,heptadecagon,america_adak,krw,bf6b92,oscar,life,select
jp9391,jennie,patriskson,f,may 07 1968,enneahectogon,america_st_kitts,lyd,3f71a0,lima,me,insert
af4138,aubine,farrants,f,dec 26 1968,hexacontagon,australia_south,bmd,0b1f92,romeo,pro,delete
ab6858,ashleigh,burgise,f,nov 01 1969,octagon,america_recife,cop,0b1f92,oscar,me,select
ct3139,cassandre,tillman,f,apr 13 1988,heptahectogon,america_montreal,awg,a260ea,bravo,mil,create
eh8458,erroll,hirschmann,m,jun 23 1967,heptadecagon,europe_nicosia,xof,380196,sierra,name,insert
cl9559,clemmy,leggis,m,oct 06 1966,tetrahectogon,europe_volgograd,byr,260e31,charlie,tv,alter
ss7784,sarena,stowell,f,feb 24 1962,icositrigon,africa_douala,aoa,5cff7a,xray,gov,drop
ap2853,abran,piaggia,m,mar 08 1984,decagon,africa_dakar,lyd,0b1f92,hotel,online,select
le4937,lurette,entwistle,f,jul 07 1985,heptahectogon,america_grenada,afn,1ed7b2,victor,mil,create
tp1157,timmy,percifer,m,jun 11 1982,icosikaioctagon,america_belize,bob,ff5469,zulu,club,select
nf8382,nealy,fonteyne,m,jan 01 1982,pentacontagon,canada_eastern,sek,120d3f,golf,tv,create
eh1173,elwin,harold,m,mar 20 1980,heptagon,america_havana,pen,5cff7a,juliett,mil,delete
fh5377,frederigo,hannigan,m,oct 01 1971,octadecagon,atlantic_faroe,sos,d45b3a,hotel,io,create
rs9267,rorie,stolz,f,aug 04 1990,enneahectogon,us_central,lkr,d45b3a,november,blog,insert
tm9488,teri,monkeman,f,sep 13 1982,hexahectogon,america_shiprock,dkk,260e31,charlie,app,insert
ab6296,avie,brattell,f,apr 11 1982,henagon,america_lima,mop,9d6f4e,romeo,com,create
rg2778,roch,godbold,f,mar 15 1982,hendecagon,africa_el_aaiun,bwp,ee30ee,mike,social,update
cd9554,christalle,drillingcourt,f,nov 09 1967,hexadecagon,asia_kabul,lbp,260e31,zulu,site,drop
bl2597,bent,lavens,m,may 23 1973,icositrigon,africa_brazzaville,wst,50217f,papa,xyz,drop
tn7262,tory,nana,f,feb 15 1985,pentacontagon,asia_bahrain,hnl,5dd2c3,juliett,io,insert
nl9139,noreen,lutas,f,mar 17 1984,icosikaienneagon,asia_kuwait,mro,bf6b92,alfa,org,alter
jt8613,jule,tattersill,m,jun 27 1986,octacontagon,pacific_bougainville,gbp,ff5469,xray,social,update
fc7448,fancy,castellanos,f,jan 27 1967,tetradecagon,europe_malta,std,9d6f4e,sierra,net,select
eg3886,ettie,gaven,f,sep 30 1962,pentadecagon,america_st_kitts,yer,5cff7a,november,world,update
ek7983,emmalynn,kinde,f,dec 06 1985,heptahectogon,america_goose_bay,khr,9265a1,lima,blog,delete
ao3672,ase,oloman,m,dec 24 1965,octacontagon,america_chihuahua,vef,120d3f,whiskey,app,insert
hh7615,hy,heinsius,m,jun 18 1973,hendecagon,europe_zagreb,bbd,d7b4e1,alfa,org,update
mr7996,mortimer,rodolphe,m,oct 08 1975,trihectogon,europe_lisbon,bhd,260e31,tango,net,delete
aj9144,alwyn,jeste,m,apr 12 1968,octadecagon,america_montevideo,mga,9d6f4e,tango,site,update
ta2327,tandie,arnke,f,dec 09 1985,octagon,europe_copenhagen,bwp,6aac78,sierra,blog,update
vb7863,vera,bemwell,f,oct 11 1966,heptagon,asia_jayapura,kpw,5d6b83,delta,info,insert
am9223,alvin,macadam,m,oct 01 1977,hexahectogon,europe_kaliningrad,sos,ff5469,xray,media,alter
bs1485,bartholomeus,shevelin,m,nov 24 1986,heptacontagon,pacific_tarawa,nio,ee30ee,mike,mil,delete
oa4692,onofredo,adiscot,m,jul 11 1984,icosikaipentagon,australia_brisbane,bdt,a6fd9d,lima,media,alter
bg2881,brockie,guys,m,nov 27 1971,hendecagon,australia_melbourne,dop,ee30ee,tango,blog,insert
ch2235,carling,hackey,m,may 19 1961,icosikaihenagon,asia_qostanay,usd,bf6b92,mike,biz,insert
sw3227,saunder,whetson,m,oct 24 1978,trihectogon,asia_aqtau,syp,9265a1,charlie,info,update
mn4393,marrissa,noddings,f,apr 24 1981,trihectogon,africa_kigali,kes,9265a1,lima,info,create
ks8329,kristofer,shutte,m,dec 06 1967,heptahectogon,australia_lindeman,pln,6aac78,xray,social,delete
ts4296,titos,syms,m,feb 23 1988,octahectogon,europe_saratov,ugx,6aac78,mike,edu,drop
cw4323,caddric,waggitt,m,dec 18 1975,tetradecagon,america_argentina,xof,380196,uniform,pro,select
sd3643,sileas,drage,f,jun 15 1979,hendecagon,africa_douala,kgs,260e31,juliett,online,select
ld9324,linet,dumbreck,f,apr 24 1977,hexahectogon,asia_sakhalin,pgk,d7b4e1,papa,gov,delete
pg3747,pat,gollin,m,apr 30 1988,heptahectogon,asia_aqtobe,kmf,88833e,uniform,club,create
jl4535,jeromy,lysaght,m,nov 10 1980,triacontagon,pacific_midway,bbd,5cff7a,bravo,social,drop
se3165,stephi,edgars,f,feb 08 1980,hexacontagon,asia_kabul,irr,d665b5,delta,live,select
hs7829,honey,spaughton,f,sep 07 1986,icosikaidigon,asia_ashkhabad,sdg,1ed7b2,uniform,biz,insert
cb4791,cort,berrycloth,m,jul 12 1983,icosikaienneagon,pacific_johnston,pen,5d6b83,bravo,club,update
gn2886,griselda,noakes,f,sep 18 1989,heptahectogon,america_rankin_inlet,qar,cccf02,delta,mil,update
pc7778,pamella,coull,f,sep 28 1973,tridecagon,pacific_guam,szl,5cff7a,foxtrot,live,select
km5983,keely,macpeake,f,nov 23 1962,pentahectogon,asia_beirut,dkk,d665b5,juliett,app,insert
mb4537,mommy,bartholomieu,f,jul 20 1984,triacontagon,africa_mbabane,bhd,50217f,yankee,edu,drop
dc5521,dominik,chaves,m,mar 19 1968,icosikaidigon,america_belem,ang,47b94c,whiskey,me,alter
jo7399,juanita,orbine,f,feb 21 1973,henagon,atlantic_faroe,ars,81074f,echo,xyz,select
bn4428,brig,neumann,m,feb 27 1970,icosikaidigon,australia_nsw,mkd,3f71a0,delta,club,insert
kp4377,kristina,preene,f,jul 23 1975,dodecagon,asia_ho_chi_minh,chf,81074f,whiskey,online,drop
bs6536,bealle,savage,m,feb 08 1974,nonagon,europe_monaco,kwd,bf6b92,echo,blog,select
fg1866,fidel,gansbuhler,m,apr 05 1977,nonagon,asia_tashkent,mad,ee30ee,uniform,pro,create
cv7725,cathrin,vinau,f,may 06 1976,pentagon,africa_libreville,gyd,cccf02,juliett,life,alter
md9365,mercie,dray,f,sep 26 1964,hexadecagon,pacific_efate,xcd,d7b4e1,bravo,world,insert
jc7968,jeno,cabedo,m,mar 11 1963,octagon,europe_isle_of_man,cad,61f505,romeo,live,create
pm1352,paton,mcanellye,m,may 06 1982,pentacontagon,pacific_midway,irr,d7b4e1,quebec,live,delete
dg7917,deane,goldring,f,jun 22 1980,dodecagon,europe_vienna,sek,1ed7b2,zulu,blog,delete
et7767,eugen,teaser,m,jun 04 1968,hendecagon,pacific_honolulu,kpw,5dd2c3,foxtrot,media,delete
tr9432,tatiana,rime,f,jun 13 1978,triangle,asia_krasnoyarsk,lyd,88833e,hotel,net,update
ch7117,catrina,harmeston,f,nov 26 1985,octahectogon,asia_ulaanbaatar,brl,5dd2c3,alfa,shop,create
ka5473,karl,absolem,m,may 07 1964,pentagon,asia_karachi,mzn,88833e,november,media,select
pg9251,prissie,gracey,f,feb 22 1962,icosikaihexagon,asia_kathmandu,brl,cccf02,charlie,io,create
mo6956,madalena,oakenford,f,jun 22 1962,octahectogon,us_arizona,uyu,d665b5,whiskey,io,select
tf7295,therese,feldharker,f,sep 24 1986,octagon,africa_lubumbashi,nzd,a6fd9d,romeo,io,update
fs7373,finn,stubbington,m,dec 16 1963,tetracontagon,europe_dublin,kzt,bf6b92,zulu,io,drop
df3489,darby,flecknoe,m,may 30 1979,trihectogon,africa_blantyre,krw,d45b3a,juliett,edu,insert
bg1752,barrett,griffiths,m,may 01 1985,decagon,america_noronha,bmd,5dd2c3,oscar,mil,create
dh9864,delano,hallowes,m,may 09 1983,nonagon,asia_kabul,hnl,81074f,foxtrot,name,create
ph2311,pryce,hixley,m,dec 02 1988,octadecagon,america_guadeloupe,jod,260e31,romeo,org,alter
su4744,susanetta,urpeth,f,aug 13 1988,tetrahectogon,africa_sao_tome,aoa,ee30ee,juliett,club,create
ck2759,clerissa,kitteridge,f,nov 28 1989,enneacontagon,africa_blantyre,hkd,d7b4e1,hotel,io,create
sn3733,stavro,ney,m,apr 22 1977,octahectogon,africa_lagos,czk,d7b4e1,tango,club,drop
hi5655,hyatt,ivanchov,m,oct 10 1984,icositrigon,asia_harbin,dkk,ee30ee,sierra,life,delete
bf1935,bradford,forryan,m,may 16 1963,hexacontagon,pacific_honolulu,ars,81074f,tango,world,update
cm1321,carney,macilwrick,m,jul 05 1972,octadecagon,asia_rangoon,cop,d671e3,golf,xyz,delete
dv2929,demott,von nassau,m,apr 29 1972,decagon,pacific_johnston,afn,50217f,kilo,net,create
kp6946,kelcey,phipson,f,sep 26 1969,triangle,atlantic_stanley,irr,2a66bc,oscar,site,delete
ds6266,debor,sheaber,f,sep 01 1977,tetracontagon,america_cuiaba,bnd,50217f,xray,tv,update
cr9691,coriss,rupke,f,oct 29 1979,octagon,asia_makassar,mwk,120d3f,golf,club,create
dr5167,dorris,raeburn,f,feb 25 1984,dihectogon,america_danmarkshavn,mxn,a6fd9d,xray,club,update
mj7567,maurine,jonuzi,f,may 29 1962,decagon,asia_bishkek,gmd,5cff7a,foxtrot,shop,create
hl2374,hank,leggitt,m,mar 01 1969,tetracontagon,asia_macau,mop,d2543f,lima,media,alter
tb9199,tatum,bridewell,f,jul 26 1980,octacontagon,pacific_galapagos,pln,5dd2c3,delta,online,drop
kh6248,kristian,hansana,m,dec 31 1978,octahectogon,america_puerto_rico,mmk,1ed7b2,zulu,online,insert
tr4574,toinette,rigolle,f,jul 26 1966,decagon,asia_novokuznetsk,gtq,ff5469,tango,blog,delete
lp5678,lek,penella,m,aug 16 1971,hexahectogon,america_la_paz,std,ee30ee,whiskey,world,select
mg1647,midge,goodrum,f,may 06 1975,pentagon,africa_gaborone,lkr,380196,zulu,net,create
cb2932,cary,bryenton,m,apr 07 1988,tetracontagon,asia_jayapura,top,5d6b83,alfa,tv,delete
gb9131,glori,bliven,f,sep 11 1979,hexagon,europe_busingen,xcd,9265a1,tango,social,create
tg9533,tybalt,ginnell,m,apr 25 1967,octahectogon,antarctica_palmer,jpy,50217f,papa,net,alter
wb7884,winonah,backe,f,mar 30 1970,icosagon,america_pangnirtung,nio,88833e,juliett,info,delete
tb9598,thekla,banasiak,f,dec 16 1976,henagon,europe_moscow,top,7f9630,romeo,site,alter
rc6586,rafaellle,cozens,m,apr 15 1976,icosikaioctagon,us_hawaii,kzt,7f9630,hotel,edu,create
si6568,stacee,iacopetti,f,jun 23 1968,icosikaienneagon,asia_thimphu,egp,9265a1,whiskey,world,drop
pc2435,paten,clem,m,feb 26 1978,hexadecagon,asia_dubai,kes,3f71a0,echo,social,insert
ow2681,oran,wickham,m,may 26 1980,hexagon,asia_jayapura,mmk,1ed7b2,tango,media,alter
ec5745,eilis,ciani,f,sep 21 1987,dihectogon,africa_lubumbashi,jmd,d7b4e1,echo,app,insert
we6851,winona,etteridge,f,aug 20 1965,heptagon,atlantic_reykjavik,ils,47b94c,sierra,social,delete
jf6885,joelie,frostick,f,oct 25 1979,heptadecagon,asia_choibalsan,try,3f71a0,lima,biz,drop
ed6766,eddy,durtnall,f,may 10 1977,icosikaihexagon,africa_ndjamena,etb,bf6b92,hotel,live,drop
lm6773,lelia,mccumskay,f,jan 08 1982,octahectogon,america_ciudad_juarez,chf,88833e,charlie,app,drop
gc7972,glori,comolli,f,nov 29 1986,nonagon,atlantic_st_helena,ars,0b1f92,romeo,mil,alter
ds8545,dyan,sinnett,f,jan 20 1968,octadecagon,america_jujuy,myr,d665b5,kilo,io,select
jd8156,jonathon,di maria,m,jul 03 1983,tetracontagon,asia_taipei,mop,6aac78,xray,world,drop
ai7188,ainslee,iggalden,f,nov 05 1977,icosagon,america_santarem,iqd,5dd2c3,kilo,mil,drop
gm1499,grace,malbon,m,jun 23 1984,henagon,pacific_marquesas,gbp,260e31,tango,online,create
gt6933,garth,thirlaway,m,may 16 1973,pentadecagon,pacific_auckland,mxn,6aac78,zulu,gov,alter
ar4731,alexio,russilll,m,aug 15 1975,digon,africa_blantyre,mvr,2a66bc,zulu,net,insert
lp8682,laura,philler,f,mar 23 1966,octagon,africa_malabo,myr,a6fd9d,uniform,me,select
wp3772,willa,peaker,f,may 23 1989,decagon,america_st_thomas,pgk,3f71a0,charlie,com,insert
ho5764,hugibert,odrought,m,may 07 1963,icosikaihexagon,america_la_paz,std,d671e3,romeo,app,create
dc9798,dorthy,chappelle,f,may 13 1979,icositetragon,pacific_kosrae,shp,120d3f,papa,pro,create
kg8564,krystle,grieswood,f,jun 15 1964,octadecagon,europe_tirane,sek,a6fd9d,delta,today,insert
aw1687,anissa,wroath,f,jun 10 1967,dihectogon,pacific_chuuk,hnl,ee30ee,tango,biz,select
mn9236,merrill,novichenko,m,feb 09 1967,hendecagon,asia_brunei,pen,81074f,xray,name,update
tc7747,trent,cluney,m,jul 11 1961,tetrahectogon,america_punta_arenas,hkd,380196,uniform,io,update
rw8153,rosetta,whiteoak,f,jul 24 1974,icosikaioctagon,us_samoa,lbp,9265a1,bravo,media,insert
at8759,arther,teodorski,m,feb 17 1969,heptadecagon,asia_tehran,sbd,1ed7b2,oscar,biz,drop
kj4116,kettie,jepperson,f,apr 10 1981,pentadecagon,europe_riga,thb,ff5469,charlie,edu,insert
lp4713,leon,podbury,m,jul 24 1986,icosikaiheptagon,america_curacao,ugx,5d6b83,sierra,online,insert
bw9975,briana,wastall,f,dec 20 1969,hexagon,asia_baghdad,ttd,81074f,delta,com,insert
el9176,evangelia,lockney,f,apr 26 1962,tetracontagon,america_boise,dkk,9265a1,oscar,social,alter
cc8543,cary,carroll,f,nov 11 1966,digon,asia_hebron,kpw,bf6b92,xray,xyz,delete
ps5637,pier,schoolfield,f,dec 22 1973,octahectogon,america_shiprock,qar,3f71a0,quebec,app,create
kh8432,kiri,hischke,f,oct 15 1987,pentadecagon,asia_khandyga,nok,88833e,uniform,online,alter
jl5577,jinny,le noire,f,aug 29 1977,pentadecagon,america_puerto_rico,ngn,3f71a0,mike,online,delete
fp9431,fidel,pipe,m,sep 12 1977,nonagon,us_alaska,usd,61f505,echo,biz,insert
gs1649,giselbert,shilton,m,feb 10 1969,tetrahectogon,asia_ulan_bator,tnd,380196,uniform,org,alter
hr3774,holden,rampton,m,mar 29 1987,trihectogon,canada_atlantic,xof,0b1f92,kilo,life,create
po4917,paul,oscandall,m,nov 03 1962,pentacontagon,america_cayenne,szl,d671e3,hotel,name,drop
sa4134,shay,anthoney,f,mar 30 1971,icosikaiheptagon,asia_dacca,idr,2a66bc,xray,org,drop
ds3611,doti,secret,f,feb 25 1979,hexahectogon,europe_bucharest,try,61f505,bravo,info,update
ab4631,anderea,baverstock,f,dec 07 1980,octagon,asia_pyongyang,xcd,6aac78,delta,media,insert
ca4397,cortney,abbatt,f,jun 30 1971,henagon,brazil_denoronha,lrd,81074f,romeo,shop,update
rh5435,ruthie,hutchinson,f,nov 08 1982,chiliagon,america_cayenne,nzd,61f505,kilo,club,drop
nd4672,neron,dowzell,m,dec 26 1975,octadecagon,america_santo_domingo,mop,5cff7a,uniform,pro,create
gb5288,garv,balazot,m,aug 01 1979,triacontagon,america_resolute,kzt,a260ea,zulu,shop,select
pv6445,park,vinsen,m,sep 17 1983,dodecagon,pacific_rarotonga,cdf,5dd2c3,whiskey,life,delete
tr2876,theo,ranklin,f,oct 23 1980,icositrigon,america_belize,gyd,81074f,papa,world,insert
af9583,abner,friskey,m,apr 19 1961,icosikaienneagon,america_nassau,bam,2a66bc,tango,world,update
cn9783,carolin,naish,f,feb 13 1985,dihectogon,pacific_truk,pab,50217f,whiskey,net,delete
da9245,dody,aliman,f,mar 26 1963,dihectogon,europe_san_marino,bob,ff5469,victor,me,alter
bw4478,bert,walsh,m,jan 07 1976,icosikaidigon,europe_kirov,dop,ff5469,hotel,pro,select
mn5419,maddalena,netley,f,nov 18 1978,icositrigon,asia_novokuznetsk,ngn,9265a1,zulu,shop,update
tm1716,trish,matveichev,f,mar 02 1978,enneadecagon,africa_mogadishu,gel,9265a1,whiskey,gov,alter
tb4182,thaddus,bogey,m,aug 04 1977,triangle,asia_dili,ssp,a260ea,zulu,name,select
bh2574,brenn,harford,f,may 07 1964,icositetragon,america_panama,zmw,0b1f92,sierra,gov,alter
mp1741,meredith,parish,f,mar 24 1969,heptagon,pacific_chatham,pen,6aac78,kilo,org,insert
bk1481,bjorn,kearey,m,jun 14 1982,dihectogon,pacific_port_moresby,lsl,d671e3,yankee,social,select
ql3856,quintana,lydall,f,aug 09 1973,heptagon,africa_lome,try,cccf02,romeo,social,insert
np6569,nollie,parrott,m,nov 30 1967,pentadecagon,europe_vienna,syp,9265a1,alfa,me,alter
kc7756,krissy,caso,f,apr 02 1988,hexahectogon,mexico_bajasur,xpf,bf6b92,papa,media,select
ur7845,ursola,renne,f,mar 15 1965,pentacontagon,africa_abidjan,ars,bf6b92,uniform,blog,select
vp7564,vania,pitchford,f,feb 21 1965,hexacontagon,asia_yekaterinburg,pyg,a6fd9d,foxtrot,gov,alter
ai2993,allyn,iiannoni,f,aug 03 1987,tetradecagon,america_el_salvador,xof,88833e,whiskey,edu,alter
mc8631,mandel,crosbie,m,nov 24 1981,tetracontagon,america_belize,uyu,9265a1,november,name,create
lm3268,linell,moodey,f,jan 24 1978,henagon,atlantic_south_georgia,hkd,6aac78,golf,net,update
fs9882,franny,spellsworth,m,may 26 1980,tetrahectogon,asia_tehran,xpf,61f505,hotel,info,update
ds6738,dorolisa,suddaby,f,sep 02 1973,icosikaihenagon,antarctica_casey,tnd,d7b4e1,lima,life,drop
ds3638,derick,stallwood,m,may 23 1984,icositrigon,atlantic_madeira,etb,a6fd9d,yankee,xyz,delete
as2784,adore,sherrum,f,may 25 1981,hexadecagon,europe_madrid,php,0b1f92,delta,world,alter
co4656,calypso,ochiltree,f,jun 24 1985,hendecagon,us_alaska,lak,d2543f,juliett,me,create
gg9464,gustav,grigoriscu,m,mar 05 1960,hectogon,asia_thimphu,gtq,0b1f92,hotel,live,alter
nd3121,nike,dorkin,f,apr 23 1983,icositrigon,africa_timbuktu,lrd,50217f,whiskey,com,create
aj1986,audrie,jaqueminet,f,jun 19 1978,tetradecagon,us_mountain,xof,1ed7b2,lima,today,select
mg6251,madelene,gjerde,f,nov 23 1978,hexadecagon,australia_brisbane,ltl,5d6b83,sierra,media,insert
ap9639,aubert,perkin,m,jun 27 1977,icositrigon,america_goose_bay,sdg,d671e3,charlie,edu,delete
ts1639,tristan,speak,m,aug 29 1989,hexacontagon,asia_omsk,krw,380196,zulu,org,delete
do7615,doralin,oakeshott,f,mar 21 1988,triacontagon,europe_madrid,qar,d671e3,victor,world,drop
an5958,adore,nassy,f,apr 19 1990,enneacontagon,america_boa_vista,tjs,5cff7a,india,mil,select
ls3325,lorrie,semens,f,mar 13 1976,pentahectogon,asia_jerusalem,tmt,d2543f,lima,shop,drop
tf8976,tracie,flowers,m,aug 14 1977,pentagon,asia_yekaterinburg,mad,ee30ee,zulu,me,update
ht3234,henrietta,tuohy,f,jul 05 1976,octacontagon,asia_hong_kong,shp,5cff7a,xray,live,insert
dm3291,daffi,messiter,f,apr 20 1983,trihectogon,pacific_pitcairn,egp,1ed7b2,foxtrot,io,alter
bl4259,bride,linggard,f,jun 18 1973,dodecagon,atlantic_jan_mayen,xaf,bf6b92,mike,io,delete
lc4273,lynn,cuolahan,f,jan 02 1982,icosikaioctagon,asia_riyadh,rub,380196,tango,tv,select
gl4515,gennifer,lightbody,f,feb 15 1964,nonagon,asia_beirut,mad,6aac78,mike,life,insert
bs1734,brooke,shimwell,m,jun 02 1960,hexacontagon,us_indiana_starke,dop,5cff7a,india,me,drop
al9368,alexi,lakenton,f,oct 20 1969,pentagon,america_whitehorse,sek,1ed7b2,bravo,media,alter
lt7186,leila,treacher,f,mar 25 1986,trihectogon,antarctica_mawson,bnd,9265a1,romeo,xyz,update
hb4691,hartwell,bathersby,m,jul 22 1960,icosagon,asia_dushanbe,mkd,d2543f,echo,com,select
gc7783,gardener,coupman,m,oct 22 1990,henagon,asia_vientiane,kzt,d7b4e1,foxtrot,xyz,delete
jf7911,jakie,forlong,m,jun 17 1970,icositrigon,pacific_johnston,djf,120d3f,kilo,info,drop
db2427,dacie,brunetti,f,feb 05 1971,icosikaioctagon,australia_lindeman,bbd,47b94c,juliett,xyz,update
ts3522,trula,seal,f,jul 26 1979,icosikaiheptagon,america_swift_current,bif,81074f,whiskey,club,select
gg5875,gawain,goad,m,jan 29 1988,pentacontagon,pacific_guam,npr,9265a1,delta,club,insert
mc2578,margaux,cattermull,f,sep 09 1962,dodecagon,africa_harare,myr,d671e3,november,blog,delete
er7199,erich,royden,m,nov 29 1979,tetracontagon,australia_lhi,sdg,81074f,victor,social,update
bb8826,boote,bassford,m,jan 25 1962,dihectogon,africa_djibouti,egp,61f505,bravo,net,create
hh5756,hammad,houlahan,m,jul 01 1961,octacontagon,asia_baku,zwl,260e31,quebec,world,insert
nm1695,neil,musslewhite,m,may 24 1966,tridecagon,america_bahia_banderas,mop,a260ea,golf,gov,alter
nb4878,nissa,bunny,f,aug 29 1961,icositrigon,europe_chisinau,aoa,88833e,romeo,media,create
sm9782,sherman,merrigans,m,sep 24 1989,triangle,asia_ust_nera,mmk,6aac78,foxtrot,io,update
kg1114,keelia,grzegorczyk,f,sep 19 1971,triangle,asia_novokuznetsk,zwl,2a66bc,xray,shop,select
bj2497,bendicty,jennemann,m,nov 22 1980,icosikaihexagon,europe_riga,gyd,5d6b83,oscar,name,create
so1569,silvie,oxer,f,may 13 1969,tridecagon,america_coral_harbour,thb,5d6b83,uniform,media,create
hr6736,hyacinthe,rostern,f,aug 22 1979,heptagon,america_tijuana,ern,9265a1,tango,today,drop
bs6597,bastian,spragge,m,apr 07 1980,icosikaioctagon,africa_ceuta,kgs,cccf02,tango,info,select
dg2797,debor,gingell,f,aug 07 1987,pentahectogon,asia_ashkhabad,lrd,a6fd9d,juliett,media,create
if9562,iggie,fulbrook,m,apr 21 1984,tetradecagon,pacific_honolulu,sos,9265a1,kilo,xyz,delete
gg9921,gustave,gheeorghie,m,sep 22 1967,pentahectogon,asia_yakutsk,bbd,5d6b83,xray,io,select
ik5235,isidoro,kuhnwald,m,apr 18 1974,icosikaioctagon,canada_saskatchewan,ghs,61f505,golf,info,delete
pm6461,pierre,mackilroe,m,mar 07 1964,icosikaienneagon,antarctica_syowa,btn,3f71a0,alfa,mil,select
kg7321,kingsly,gibson,m,may 20 1970,octadecagon,america_montreal,nio,5dd2c3,delta,site,create
tg3444,trista,gabey,f,apr 22 1971,pentacontagon,america_santo_domingo,mur,47b94c,delta,live,create
ss3763,sanford,spracklin,m,sep 08 1986,tetracontagon,europe_belfast,rsd,d2543f,bravo,pro,drop
sb3242,shelton,bankes,m,jun 30 1977,heptacontagon,asia_ujung_pandang,qar,3f71a0,delta,me,alter
cd6973,charmine,duinbleton,f,dec 27 1983,tridecagon,america_chihuahua,cop,260e31,quebec,live,insert
lr1185,lawrence,rawlins,m,may 07 1961,hendecagon,pacific_truk,htg,1ed7b2,foxtrot,media,select
gr7744,gard,rontree,m,jul 26 1975,triacontagon,america_puerto_rico,byr,bf6b92,romeo,io,alter
hs6435,henrie,shopcott,f,dec 24 1969,hexacontagon,america_grenada,czk,260e31,hotel,social,select
tj7643,travers,joiner,m,feb 25 1989,pentahectogon,asia_anadyr,uzs,ff5469,golf,name,alter
wv3678,waylan,vogt,m,jul 08 1960,tetrahectogon,antarctica_troll,khr,d665b5,golf,biz,update
fe9695,francyne,esilmon,f,dec 02 1964,hectogon,asia_macau,twd,6aac78,hotel,org,insert
ai7567,alyda,itzkin,f,jun 28 1966,icosagon,pacific_tarawa,ssp,6aac78,zulu,xyz,update
om6574,olympia,midson,f,jun 05 1975,octacontagon,indian_mauritius,lkr,1ed7b2,yankee,club,alter
dv5387,dalli,varah,m,nov 05 1974,octagon,antarctica_casey,php,cccf02,oscar,media,insert
dw3738,dede,williamson,f,dec 09 1976,icosikaipentagon,europe_belgrade,gel,2a66bc,victor,world,insert
br8923,bertram,russam,m,jul 03 1971,pentacontagon,america_martinique,bwp,380196,papa,gov,create
sp4161,silvia,pavluk,f,aug 20 1968,hexacontagon,america_nome,mdl,2a66bc,victor,me,create
cf5121,constanta,felmingham,f,mar 12 1984,heptahectogon,asia_ujung_pandang,mdl,260e31,xray,today,update
ib5868,isis,basilotta,f,aug 18 1963,hexacontagon,asia_bishkek,ern,d7b4e1,kilo,biz,alter
lm4382,law,mccart,m,jan 29 1989,hendecagon,asia_samarkand,nok,0b1f92,november,com,select
gj5372,golda,jamison,f,oct 30 1984,tetradecagon,america_boa_vista,xcd,6aac78,golf,site,update
ps9595,pierette,spragge,f,jul 26 1976,icosikaihexagon,america_anguilla,kmf,7f9630,romeo,live,select
nb8199,nigel,barkshire,m,sep 07 1961,icosagon,australia_adelaide,hrk,a260ea,zulu,info,update
cp8953,claribel,powrie,f,oct 04 1988,enneahectogon,asia_singapore,ang,50217f,victor,info,update
ny2499,norbert,yepiskopov,m,sep 27 1985,enneadecagon,america_ojinaga,twd,d671e3,mike,org,insert
vb8185,vivi,bretherton,f,mar 07 1990,dodecagon,america_edmonton,bob,7f9630,november,info,create
fs1392,felice,severns,m,aug 30 1979,hexacontagon,asia_shanghai,cdf,d665b5,uniform,biz,insert
jl3764,johny,lebarree,m,feb 24 1966,tetradecagon,canada_mountain,isk,d665b5,tango,mil,insert
es4115,everard,schimpke,m,may 15 1975,triacontagon,america_grenada,myr,a260ea,xray,site,drop
fo3892,fay,oxlade,f,may 26 1979,hexahectogon,america_nome,std,3f71a0,kilo,today,insert
nd8533,nealon,dunstall,m,sep 09 1982,enneadecagon,africa_addis_ababa,ssp,9265a1,alfa,today,create
rg2963,rollins,garman,m,feb 16 1988,triacontagon,us_aleutian,lsl,ee30ee,foxtrot,live,drop
ah4718,alena,headingham,f,dec 24 1985,hexahectogon,pacific_funafuti,pab,9265a1,charlie,app,delete
ba9976,byram,aneley,m,jun 30 1988,pentahectogon,europe_sofia,cny,5cff7a,uniform,org,update
cg2251,caryl,gannon,f,jul 18 1979,heptagon,asia_seoul,gbp,d7b4e1,bravo,io,alter
ti9688,terri,isakovic,f,aug 29 1977,hexacontagon,america_detroit,gel,260e31,victor,edu,create
sp5555,shaylynn,philippart,f,jan 28 1984,icosikaienneagon,africa_lome,ang,7f9630,uniform,social,drop
ak5741,alfi,kinner,f,dec 14 1967,octadecagon,asia_tbilisi,mro,ee30ee,lima,shop,alter
si3885,stanwood,ivashnyov,m,may 20 1982,hexahectogon,pacific_ponape,nad,a6fd9d,tango,gov,drop
sk3257,susannah,kloster,f,may 22 1960,tetracontagon,africa_kigali,bmd,9265a1,whiskey,net,alter
jp1442,jelene,posselow,f,may 13 1974,octahectogon,america_st_lucia,usd,ee30ee,xray,media,insert
hh1953,hilarius,hasser,m,nov 14 1986,icositetragon,america_montserrat,jod,a6fd9d,alfa,blog,insert
kj9838,kakalina,johnsee,f,mar 10 1968,octadecagon,australia_lhi,ugx,7f9630,mike,world,alter
em4413,elwyn,manicomb,m,oct 10 1962,pentadecagon,asia_vladivostok,bdt,380196,kilo,mil,drop
te8829,thorn,erbain,m,may 22 1982,tetradecagon,america_phoenix,idr,5dd2c3,uniform,biz,update
sr6796,si,ramet,m,may 20 1961,icosikaihenagon,brazil_east,ghs,bf6b92,quebec,online,create
ac3523,ambrosius,cottingham,m,apr 22 1984,icosikaienneagon,asia_bangkok,mro,ff5469,tango,tv,create
mw9666,mischa,weedenburg,m,oct 30 1985,octagon,asia_novokuznetsk,rub,bf6b92,bravo,name,create
br8573,binky,rickets,m,jan 25 1981,heptacontagon,america_havana,bhd,61f505,xray,today,select
tc2419,taber,cossell,m,apr 25 1969,dihectogon,america_lower_princes,sar,1ed7b2,zulu,biz,create
pc8115,pearline,catterall,f,may 16 1984,icosikaiheptagon,pacific_efate,dkk,260e31,papa,shop,update
sa5418,sherwood,andreix,m,jun 13 1984,enneacontagon,chile_easterisland,jpy,cccf02,echo,me,update
ae6986,arly,edmed,f,oct 25 1968,icosagon,africa_douala,nio,bf6b92,echo,xyz,create
sc4577,saunderson,coning,m,dec 21 1986,triangle,antarctica_casey,hrk,50217f,uniform,blog,alter
js2354,jan,sagg,m,jul 25 1961,octahectogon,asia_damascus,ttd,d7b4e1,whiskey,shop,select
hy8848,holli,yole,f,mar 07 1967,heptadecagon,indian_antananarivo,rub,5dd2c3,sierra,gov,insert
ac9732,alexandro,collyer,m,mar 30 1960,pentagon,asia_oral,sll,d665b5,juliett,club,alter
ld5358,leonerd,de la eglise,m,jan 21 1980,chiliagon,europe_mariehamn,lkr,d665b5,hotel,today,drop
nl1852,nathanil,leggis,m,aug 25 1987,trihectogon,us_aleutian,crc,260e31,lima,online,alter
mm8198,maris,mycock,f,feb 23 1961,decagon,africa_kampala,qar,6aac78,lima,tv,insert
ig2727,iris,glave,f,nov 09 1973,octadecagon,america_st_johns,egp,cccf02,delta,social,drop
pm1365,pincas,mcquaker,m,mar 05 1963,nonagon,america_st_thomas,cop,bf6b92,lima,io,update
kh3388,karlyn,hannant,f,aug 28 1975,digon,europe_amsterdam,nad,a260ea,whiskey,social,update
bb9961,bartie,bennet,m,sep 21 1973,henagon,mexico_bajanorte,ang,81074f,sierra,biz,insert
vb9273,valeda,billany,f,oct 22 1975,icosikaipentagon,europe_uzhgorod,zar,0b1f92,zulu,live,select
ko5994,kelcy,orteu,f,jan 11 1983,enneadecagon,pacific_tarawa,brl,5cff7a,kilo,live,delete
ok3566,obidiah,kilkenny,m,oct 30 1962,enneadecagon,asia_bishkek,pln,9265a1,kilo,edu,create
cp9371,curtis,poskitt,m,oct 29 1967,icosikaiheptagon,america_matamoros,gbp,7f9630,victor,info,update
bb9983,bernadette,bonsall,f,apr 29 1969,octagon,america_st_vincent,bam,cccf02,golf,world,create
ci9864,connie,ive,f,jul 28 1978,dodecagon,america_santiago,zmw,d2543f,kilo,biz,update
na8827,nicolas,androsik,m,sep 05 1962,hendecagon,africa_douala,ngn,d45b3a,echo,io,update
jm2321,jessamyn,mcmanus,f,jun 22 1968,dihectogon,asia_baku,cop,61f505,lima,biz,update
ls3157,laina,santello,f,nov 10 1982,enneadecagon,asia_manila,bmd,a6fd9d,quebec,world,alter
sf5864,sharla,feldhuhn,f,dec 17 1977,pentahectogon,africa_kinshasa,rub,d671e3,whiskey,world,create
jb8338,johnette,butchart,f,mar 13 1971,octacontagon,asia_katmandu,chf,260e31,alfa,edu,delete
py3383,percival,yeiles,m,jun 04 1966,chiliagon,atlantic_cape_verde,wst,d45b3a,xray,pro,select
kj1187,ken,jannequin,m,feb 10 1977,icosikaihexagon,america_danmarkshavn,huf,81074f,alfa,biz,alter
ag3791,aldin,grint,m,jan 04 1967,tridecagon,europe_dublin,bdt,47b94c,whiskey,io,create
bt8932,brander,tolworthie,m,aug 21 1977,icosikaihexagon,america_noronha,rub,5dd2c3,whiskey,mil,drop
dh2769,doe,hamel,f,nov 16 1962,icositetragon,pacific_pohnpei,mro,5d6b83,bravo,blog,drop
lc9369,lydon,chenery,m,aug 16 1984,tetrahectogon,atlantic_faroe,sbd,d7b4e1,bravo,com,insert
fk7299,freemon,kevern,m,feb 26 1981,tetradecagon,europe_vilnius,myr,a6fd9d,oscar,media,create
ap2531,antons,peizer,m,feb 28 1981,hexagon,europe_zaporozhye,chf,ee30ee,zulu,gov,alter
mb7295,mortimer,boutell,m,may 11 1966,icosikaidigon,indian_cocos,tzs,ee30ee,india,edu,alter
nr9526,nilson,reinard,m,jun 04 1988,tetradecagon,europe_tallinn,ils,d665b5,alfa,net,alter
fp6927,fianna,pedlow,f,apr 19 1979,pentadecagon,europe_ljubljana,mad,0b1f92,victor,tv,select
sg8285,samuel,glashby,m,oct 20 1990,icositrigon,asia_ujung_pandang,afn,5d6b83,xray,live,update
cs4629,coralie,stoggles,f,aug 17 1963,icositetragon,america_st_johns,ssp,0b1f92,charlie,tv,alter
kl3924,ker,liggens,m,jun 28 1977,icosikaipentagon,america_phoenix,djf,ee30ee,zulu,site,create
ka6817,katharina,aslet,f,dec 01 1960,enneacontagon,pacific_pohnpei,php,7f9630,sierra,life,update
lp3463,latisha,perton,f,mar 21 1986,icosikaiheptagon,asia_kuwait,htg,d665b5,yankee,xyz,create
lb7159,lydia,buxsy,f,feb 14 1986,pentacontagon,europe_luxembourg,nio,2a66bc,alfa,today,insert
ce9452,cecilla,eastes,f,jun 15 1987,enneadecagon,america_adak,ghs,50217f,uniform,blog,create
ao2644,ashely,ohannigan,f,mar 16 1969,octagon,pacific_johnston,kes,81074f,charlie,live,drop
jv2584,jsandye,vankov,f,aug 15 1972,octahectogon,america_port_au_prince,sar,9265a1,quebec,site,select
sw1143,sile,willcock,f,nov 22 1976,pentacontagon,asia_ashgabat,mwk,47b94c,victor,world,drop
cc4343,charyl,coundley,f,sep 12 1965,hexacontagon,us_hawaii,nzd,61f505,golf,pro,update
sl6291,sissy,leaburn,f,sep 06 1979,hendecagon,africa_luanda,usd,120d3f,tango,io,alter
cm9844,christi,maypes,f,jan 30 1977,tetrahectogon,america_porto_acre,uah,5dd2c3,xray,shop,insert
wd8668,walt,durward,m,mar 16 1981,heptagon,america_juneau,aud,d665b5,delta,today,update
lt5535,laurianne,tal,f,sep 03 1979,heptagon,antarctica_vostok,kes,d7b4e1,xray,info,select
em1769,evan,mcbryde,m,feb 13 1963,octagon,asia_katmandu,vef,260e31,tango,live,create
bp1676,berny,petrushanko,f,aug 07 1975,octacontagon,pacific_easter,pkr,9d6f4e,victor,life,alter
mb1956,maye,blose,f,jun 16 1989,tetracontagon,pacific_fiji,kgs,0b1f92,bravo,info,drop
gt9914,gina,trehearne,f,jan 03 1985,hexagon,africa_djibouti,cad,d665b5,quebec,org,delete
dt1249,daffie,twelftree,f,may 05 1986,dihectogon,america_st_vincent,ghs,6aac78,juliett,world,drop
rh4265,roddy,hugonnet,m,jul 29 1977,hectogon,america_montserrat,afn,cccf02,juliett,info,select
fb5994,francisco,branton,m,sep 05 1968,tetradecagon,indian_mauritius,mvr,88833e,november,app,create
cs9359,clemente,simao,m,dec 16 1974,enneahectogon,america_dominica,cve,9265a1,yankee,biz,update
gp2973,gloriana,petyanin,f,nov 09 1974,heptadecagon,america_el_salvador,rub,d665b5,foxtrot,life,insert
lk1679,lisha,karpfen,f,may 20 1969,icosikaienneagon,asia_singapore,hrk,ff5469,papa,mil,create
mt4768,marne,toplin,f,mar 31 1969,icosagon,chile_easterisland,gbp,0b1f92,echo,today,select
tl2493,trisha,lamplough,f,nov 16 1960,chiliagon,america_toronto,sll,9265a1,victor,edu,update
mp4743,monah,pennells,f,jul 20 1970,hexahectogon,asia_chita,krw,5d6b83,hotel,com,drop
ch1925,cordie,huxtable,f,jun 06 1989,icositrigon,asia_hong_kong,zwl,6aac78,foxtrot,site,insert
lp9479,lindsay,page,f,apr 07 1975,dihectogon,america_grenada,cdf,d7b4e1,yankee,blog,alter
lt5544,leola,tyce,f,aug 15 1980,heptadecagon,america_cordoba,aed,1ed7b2,foxtrot,name,delete
wd6647,wilton,de carlo,m,jan 28 1963,icositrigon,us_michigan,tnd,d2543f,xray,today,create
ls1424,leticia,sewley,f,jun 06 1963,dihectogon,atlantic_faeroe,ils,380196,yankee,info,insert
bm4757,broddy,maven,m,dec 20 1981,chiliagon,europe_zaporozhye,lak,6aac78,juliett,com,alter
ho5715,harry,ornelas,m,aug 25 1973,icosikaioctagon,africa_maputo,khr,9265a1,bravo,xyz,insert
it9966,idette,tarpey,f,aug 05 1970,triangle,america_manaus,jmd,cccf02,uniform,edu,create
sc8699,sara,caig,f,dec 24 1968,icosagon,america_adak,lsl,d2543f,yankee,online,update
vk7412,vita,knightley,f,aug 29 1971,heptahectogon,us_central,bdt,260e31,juliett,gov,select
bp7841,berke,pryde,m,aug 04 1988,heptacontagon,atlantic_bermuda,xaf,47b94c,november,edu,update
dl6899,donavon,leal,m,mar 12 1974,octahectogon,pacific_enderbury,mad,7f9630,hotel,pro,update
ab3893,agna,beattie,f,may 22 1961,digon,africa_harare,syp,5d6b83,tango,social,alter
mc2581,michaelina,cancellieri,f,apr 12 1960,pentadecagon,america_miquelon,bnd,7f9630,kilo,net,alter
zl5131,zena,leipnik,f,nov 08 1979,heptacontagon,europe_podgorica,aed,5cff7a,oscar,world,delete
bb1257,brenden,belham,m,dec 06 1989,trihectogon,europe_brussels,bob,50217f,november,live,create
as7361,annnora,sottell,f,jul 03 1965,hexacontagon,asia_bishkek,ils,5dd2c3,india,pro,drop
kh6334,kalli,harg,f,jun 17 1986,decagon,pacific_ponape,try,d671e3,india,media,select
ss2761,sigmund,shoreman,m,mar 12 1976,hexagon,arctic_longyearbyen,lyd,bf6b92,kilo,org,update
dp7317,dante,prowting,m,oct 28 1965,tetracontagon,europe_oslo,bbd,a6fd9d,uniform,app,drop
gh1227,gilbertina,hancill,f,nov 27 1974,icositrigon,europe_luxembourg,thb,81074f,sierra,social,drop
ww6386,westley,wyrall,m,mar 09 1967,icosagon,africa_niamey,bmd,380196,delta,social,delete
mo4214,malcolm,oxenbury,m,jan 28 1979,heptadecagon,atlantic_madeira,mxn,d2543f,sierra,pro,create
sp8271,shena,pinwill,f,may 07 1987,octacontagon,europe_athens,awg,5dd2c3,echo,media,insert
ad1959,annette,dey,f,may 01 1982,triacontagon,europe_malta,pgk,d665b5,xray,app,create
md1578,melisenda,dimmne,f,jul 01 1962,dihectogon,antarctica_vostok,khr,d2543f,juliett,edu,drop
lw2367,lenna,winsom,f,sep 29 1984,trihectogon,america_shiprock,bbd,d2543f,mike,live,create
ew8339,erick,whistance,m,jan 09 1981,octadecagon,america_porto_velho,mop,d2543f,romeo,info,alter
sm4864,silvio,moy,m,jan 06 1988,tetrahectogon,africa_khartoum,gyd,a6fd9d,quebec,blog,alter
bc1717,brooke,caulwell,m,jul 17 1968,triangle,africa_libreville,gyd,d2543f,oscar,club,update
kt9859,karrie,tiron,f,jul 09 1980,pentacontagon,europe_istanbul,cny,5cff7a,golf,today,drop
mm7876,melantha,maciocia,f,dec 15 1963,nonagon,europe_tirane,aoa,cccf02,echo,site,select
fs4948,farley,spleving,m,may 27 1965,icositetragon,africa_lusaka,tzs,88833e,delta,world,delete
cl8338,cleve,lloyd-williams,m,nov 28 1979,hexahectogon,africa_johannesburg,gbp,6aac78,november,life,insert
ap7288,alex,peatt,m,mar 25 1983,enneadecagon,canada_saskatchewan,pgk,6aac78,romeo,org,insert
ma8366,micheal,ashingden,m,feb 04 1972,decagon,america_scoresbysund,afn,7f9630,hotel,info,drop
mf2869,murvyn,fortescue,m,oct 01 1976,pentagon,pacific_marquesas,std,47b94c,echo,io,create
sb9371,say,beardow,m,oct 17 1982,chiliagon,europe_copenhagen,qar,120d3f,lima,xyz,update
fd2362,findlay,deighton,m,jan 20 1974,octahectogon,america_porto_acre,ars,d665b5,lima,blog,select
ta5762,torrence,arnow,m,nov 01 1980,icosikaihenagon,asia_samarkand,ils,6aac78,uniform,mil,create
kv2128,kym,van arsdall,f,jun 04 1982,icosikaihexagon,america_paramaribo,jpy,81074f,delta,com,select
em4344,eldredge,mckellen,m,sep 17 1972,hexahectogon,america_fort_nelson,ngn,d2543f,tango,mil,create
fg1197,fifi,golding,f,nov 19 1981,dodecagon,europe_ljubljana,isk,61f505,lima,pro,select
kf4819,kessia,fairy,f,mar 26 1972,hexadecagon,america_thule,bwp,d671e3,xray,name,select
aj5923,auroora,juliff,f,apr 15 1974,enneadecagon,pacific_fakaofo,mad,1ed7b2,sierra,com,create
my7615,mano,yegorshin,m,aug 13 1989,hexacontagon,africa_maputo,shp,1ed7b2,november,net,create
ss4461,sharline,silmon,f,nov 16 1970,icosikaienneagon,pacific_apia,pen,3f71a0,xray,tv,create
rw4192,renado,wellstead,m,jun 02 1963,octacontagon,indian_maldives,mmk,88833e,golf,org,drop
bm7545,bink,moyce,m,oct 12 1964,enneadecagon,asia_singapore,hkd,9265a1,sierra,app,select
al7794,alvy,lindell,m,mar 07 1985,triacontagon,africa_monrovia,iqd,9d6f4e,delta,club,delete
ah9687,anderea,hurrion,f,jun 17 1965,icosagon,indian_comoro,ang,d7b4e1,whiskey,edu,update
pa5288,petronia,aloshkin,f,aug 15 1974,enneahectogon,asia_bahrain,gel,88833e,zulu,xyz,drop
sm6787,shani,mapes,f,jul 02 1989,chiliagon,america_atikokan,try,380196,kilo,media,insert
lg4126,laura,gravenor,f,jul 06 1986,nonagon,america_manaus,pkr,9d6f4e,sierra,xyz,delete
ln9247,lyda,newborn,f,jan 15 1963,chiliagon,america_monterrey,cny,d2543f,tango,app,create
na8657,norean,abazi,f,may 07 1967,hendecagon,atlantic_cape_verde,gtq,260e31,alfa,net,select
rs2542,rayner,schimon,m,mar 14 1969,triacontagon,america_guayaquil,byr,3f71a0,delta,com,delete
el1333,emmaline,lowing,f,aug 19 1987,octadecagon,europe_istanbul,bgn,cccf02,oscar,social,select
wm8781,wells,maffetti,m,oct 09 1965,icositrigon,asia_qostanay,pgk,d665b5,bravo,biz,create
cj2438,clair,jancy,f,feb 18 1966,triacontagon,africa_lusaka,cup,d2543f,delta,online,select
cc7476,chilton,cortnay,m,mar 21 1964,octadecagon,america_cayenne,bob,0b1f92,alfa,tv,create
wm5887,wilton,millichap,m,nov 03 1989,heptagon,europe_tirane,mdl,88833e,lima,io,drop
rm8434,rory,mcmaster,m,jul 29 1961,icosikaipentagon,asia_ujung_pandang,tmt,2a66bc,papa,edu,create
es3254,elicia,swanston,f,feb 05 1968,octahectogon,africa_ndjamena,dkk,d665b5,india,gov,alter
ew1419,edita,wadworth,f,oct 29 1977,icositetragon,america_cambridge_bay,uzs,cccf02,kilo,org,select
ap1681,angela,pettisall,f,apr 08 1965,pentadecagon,asia_tokyo,bob,81074f,papa,mil,update
fb6116,fitzgerald,boutellier,m,aug 22 1968,pentagon,asia_ho_chi_minh,amd,d671e3,xray,info,select
wj6483,wini,jiranek,f,dec 18 1972,icositrigon,asia_kuching,crc,5cff7a,zulu,site,delete
as6432,aylmar,son,m,jun 04 1977,trihectogon,europe_vaduz,jod,9d6f4e,yankee,org,delete
tp4581,tina,piner,f,mar 27 1980,trihectogon,antarctica_south_pole,dop,cccf02,victor,blog,update
nl5742,nora,lambirth,f,jul 20 1977,henagon,pacific_fiji,vnd,9265a1,foxtrot,info,create
pw8985,palm,weale,m,nov 21 1969,icosikaidigon,asia_anadyr,crc,cccf02,juliett,biz,update
mz2765,marabel,zmitrichenko,f,jul 21 1981,octahectogon,asia_chongqing,tzs,d665b5,romeo,online,insert
wr7855,wren,robertis,f,oct 19 1990,triacontagon,america_st_johns,szl,d665b5,oscar,media,create
am9597,amitie,mathonnet,f,mar 11 1980,enneacontagon,asia_baghdad,aed,88833e,zulu,gov,drop
